[{"alertedParty": {"headerInfo": {"currentVersionId": "122438658", "datasetId": "1044", "datasetName": "R_US_Active_Party", "firstVersionCreatedDt": "2020-01-08T09:31:30.264-05:00", "inputVersionSample": "R_US_Active_Address_A05003324172_2020-01-07-07.06.", "lastVersionUpdatedDt": "2020-01-08T09:31:30.264-05:00", "masterId": "72951854", "masterVersion": "412740c151535f0756e8dbec7440b726c7a3e135", "stopDescriptors": {"stopDescriptor": {"name": "Joe Doe"}}, "uniqueCustomerId": "R_US_Active_Address_A05003324172_2020-01-07-07.06.28.836480"}, "inputRecordHist": {"inputRecords": [{"createdDate": "01/08/20", "fields": [{"isScreenable": "false", "name": "SOURCE_REF", "sortOrder": "1", "value": "R_US_Active_Address_A05003324172_2020-01-07-07.06.28.836480"}, {"isScreenable": "false", "name": "UNIQUE_KEY", "sortOrder": "2", "value": "A05003324172"}, {"isScreenable": "false", "name": "BARCODE", "sortOrder": "3"}, {"isScreenable": "false", "name": "ADDRESS_TYPE", "sortOrder": "4", "value": "Plating Address"}, {"isScreenable": "true", "name": "CARE_OF_TEXT", "sortOrder": "5"}, {"isScreenable": "true", "name": "ATTENTION_TO_TEXT", "sortOrder": "6"}, {"isScreenable": "false", "name": "ADDRESS1_LINE1", "sortOrder": "7", "value": "Joe Black &"}, {"isScreenable": "false", "name": "ADDRESS1_LINE2", "sortOrder": "8", "value": "Jane Doe AA BBB"}, {"isScreenable": "false", "name": "ADDRESS1_LINE3", "sortOrder": "9", "value": "111 A 11TH ST AAA 1A"}, {"isScreenable": "false", "name": "ADDRESS1_LINE4", "sortOrder": "10", "value": "New Jersey NJ 10011"}, {"isScreenable": "false", "name": "ADDRESS1_LINE5", "sortOrder": "11"}, {"isScreenable": "false", "name": "ADDRESS1_LINE6", "sortOrder": "12"}, {"isScreenable": "true", "name": "CONCAT_ADDRESS", "sortOrder": "13", "value": "Joe Black & Jane Doe 111 A 11TH ST AAA 1A New Jersey NJ"}, {"isScreenable": "true", "name": "ADDRESS1_CITY", "sortOrder": "14"}, {"isScreenable": "true", "name": "ADDRESS1_STATE", "sortOrder": "15"}, {"isScreenable": "true", "name": "ADDRESS1_PROVINCE", "sortOrder": "16"}, {"isScreenable": "true", "name": "ADDRESS1_POSTALCODE", "sortOrder": "17"}, {"isScreenable": "true", "name": "ADDRESS1_ZIP5", "sortOrder": "18"}, {"isScreenable": "true", "name": "ADDRESS1_ZIP4", "sortOrder": "19"}, {"isScreenable": "true", "name": "ADDRESS1_COUNTRY", "sortOrder": "20", "value": ""}, {"isScreenable": "true", "name": "ADDRESS1_COUNTRYCODE", "sortOrder": "21", "value": "USA"}, {"isScreenable": "true", "name": "ADDRESS1_FOREIGNDOMESTICCODE", "sortOrder": "22", "value": "DOMESTIC"}], "masterId": "72951854", "status": "A", "uniqueCustId": "R_US_Active_Address_A05003324172_2020-01-07-07.06.28.836480", "version": "412740c151535f0756e8dbec7440b726c7a3e135", "versionId": "122438658", "INPUT_FIELD": {"SOURCE_REF": {"name": "SOURCE_REF", "isScreenable": "false", "value": "R_US_Active_Address_A05003324172_2020-01-07-07.06.28.836480", "sortOrder": "1"}, "UNIQUE_KEY": {"name": "UNIQUE_KEY", "isScreenable": "false", "value": "A05003324172", "sortOrder": "2"}, "BARCODE": {"name": "BARCODE", "isScreenable": "false", "value": "", "sortOrder": "3"}, "ADDRESS_TYPE": {"name": "ADDRESS_TYPE", "isScreenable": "false", "value": "Plating Address", "sortOrder": "4"}, "CARE_OF_TEXT": {"name": "CARE_OF_TEXT", "isScreenable": "true", "value": "", "sortOrder": "5"}, "ATTENTION_TO_TEXT": {"name": "ATTENTION_TO_TEXT", "isScreenable": "true", "value": "", "sortOrder": "6"}, "ADDRESS1_LINE1": {"name": "ADDRESS1_LINE1", "isScreenable": "false", "value": "Joe Black &", "sortOrder": "7"}, "ADDRESS1_LINE2": {"name": "ADDRESS1_LINE2", "isScreenable": "false", "value": "Jane Doe AA BBB", "sortOrder": "8"}, "ADDRESS1_LINE3": {"name": "ADDRESS1_LINE3", "isScreenable": "false", "value": "111 A 11TH ST AAA 1A", "sortOrder": "9"}, "ADDRESS1_LINE4": {"name": "ADDRESS1_LINE4", "isScreenable": "false", "value": "New Jersey NJ 10011", "sortOrder": "10"}, "ADDRESS1_LINE5": {"name": "ADDRESS1_LINE5", "isScreenable": "false", "value": "", "sortOrder": "11"}, "ADDRESS1_LINE6": {"name": "ADDRESS1_LINE6", "isScreenable": "false", "value": "", "sortOrder": "12"}, "CONCAT_ADDRESS": {"name": "CONCAT_ADDRESS", "isScreenable": "true", "value": "Joe Black & Jane Doe 111 A 11TH ST AAA 1A New Jersey NJ", "sortOrder": "13"}, "ADDRESS1_CITY": {"name": "ADDRESS1_CITY", "isScreenable": "true", "value": "", "sortOrder": "14"}, "ADDRESS1_STATE": {"name": "ADDRESS1_STATE", "isScreenable": "true", "value": "", "sortOrder": "15"}, "ADDRESS1_PROVINCE": {"name": "ADDRESS1_PROVINCE", "isScreenable": "true", "value": "", "sortOrder": "16"}, "ADDRESS1_POSTALCODE": {"name": "ADDRESS1_POSTALCODE", "isScreenable": "true", "value": "", "sortOrder": "17"}, "ADDRESS1_ZIP5": {"name": "ADDRESS1_ZIP5", "isScreenable": "true", "value": "", "sortOrder": "18"}, "ADDRESS1_ZIP4": {"name": "ADDRESS1_ZIP4", "isScreenable": "true", "value": "", "sortOrder": "19"}, "ADDRESS1_COUNTRY": {"name": "ADDRESS1_COUNTRY", "isScreenable": "true", "value": "", "sortOrder": "20"}, "ADDRESS1_COUNTRYCODE": {"name": "ADDRESS1_COUNTRYCODE", "isScreenable": "true", "value": "USA", "sortOrder": "21"}, "ADDRESS1_FOREIGNDOMESTICCODE": {"name": "ADDRESS1_FOREIGNDOMESTICCODE", "isScreenable": "true", "value": "DOMESTIC", "sortOrder": "22"}}}]}, "supplementalInfo": {"alertId": "SANC-ASM-6434404", "busDate": "20211127", "datasetName": "R_US_Active_Address", "relatedAccounts": {"accounts": [{"beneficiaryName": "Pladimir Vutin", "branchAccountNumber": "234_142529", "firstName": "Pladimir", "lastName": "Vutin", "srcSystemAccountKey": "2021-01-29-13.44.57.093694", "CONNECTED_FULL_NAME": "Pladimir Vutin"}, {"beneficiaryName": "Eva Pladimirova", "branchAccountNumber": "234_142529", "firstName": "Eva", "lastName": "Pladimirova", "srcSystemAccountKey": "2021-01-29-13.44.57.093694", "CONNECTED_FULL_NAME": "Eva Pladimirova"}]}, "relatedParties": {"party": [{"countryOfIncorporation": null, "dobDate": "02/31/1900", "partyCountryOfBirth": null, "partyFirstName": "Pladimir", "partyId": "0002712291", "partyLastName": "Vutin", "partyMiddleName": null, "partyName": "Pladimir Vutin", "partyPrimaryCitizenshipCountry": "United States", "partyResidenceCountry": "United States", "partyType": "Individual", "taxId": "154421273", "taxIdType": "SSN", "CONNECTED_FULL_NAME": "Pladimir Vutin"}, {"countryOfIncorporation": null, "dobDate": "04/31/1910", "partyCountryOfBirth": null, "partyFirstName": "Eva", "partyId": "0004727489", "partyLastName": "Pladimirova", "partyMiddleName": null, "partyName": "Eva Pladimirova", "partyPrimaryCitizenshipCountry": "United States", "partyResidenceCountry": "United States", "partyType": "Individual", "taxId": "022368917", "taxIdType": "SSN", "CONNECTED_FULL_NAME": "Eva Pladimirova"}]}, "uniqueCustId": "R_US_Active_Address_A00170086018_2018-08-28-18.45.50.012201"}}, "watchlistParty": {"matchRecords": [{"accountSeq": "1", "datasetId": "1044", "entity": {"addresses": [{"address1": "111 STREET 999", "address2": "FL;US", "city": "ATLANTA", "country": "", "countryName": "", "postalCode": "11111"}], "createdDate": "10/16/2018", "dobs": [{"dob": "MAY 6, 1981"}], "entityType": "03", "id": "908049", "ids": null, "lastUpdateDate": "04/19/2019", "listCode": "-1003", "listId": "15991", "name": "Joe Ding", "programs": [{"type": "MSSBGWM"}], "sdfs": {"sdf": ["N/A", "N/A", "N/A", "N/A", "N/A", "PLEASE CALL AML HOT LINE AT 212 762 8000 AND REF CI-079385", "05/05/2015 19:49:26"]}, "source": "CON", "version": "20150505194929"}, "entityId": "908043", "entityTextType": "UPID", "entityType": "03", "entityVersion": "20150505194929", "firstMatchedDate": "01/08/20", "inputVersionId": "122438658", "lastMatchedDate": "01/08/20", "lastReviewDate": "01/08/20", "masterId": "72951854", "masterVersion": "412740c151535f0756e8dbec7440b726c7a3e135", "matchId": "49159509", "matchStatus": "O", "matchType": "GWL", "riskScore": "-1.0", "sourceCode": "CON", "stopDescriptors": [{"name": "Joe Doe", "stopDescriptorDetails": [{"inputSynonym": "null", "inputToken": "Doe", "matchScore": "0.8571428571428572", "sdToken": "Doe"}], "totalMatchScore": "0.9230769230769231"}], "uniqueCustomerId": "R_US_Active_Address_A05003324172_2020-01-07-07.06.28.836480\n      ", "SRC_REF_KEY": "R_US_Active_Address_A05003324172_2020-01-07-07.06.28.836480\n      ", "VERSION_ID": "122438658", "ENTITY_ID": "908043", "ENTITY_VERSION": "20150505194929", "WL_NAME": "Joe Ding", "WL_DOB": ["MAY 6, 1981", "//"], "WL_ENTITYTYPE": "03", "WL_COUNTRY": "", "WL_COUNTRY_NAME": "", "WL_NATIONALITY": [""], "WL_CITIZENSHIP": [""], "WL_POB": [""], "WL_ALIASES": [""], "WL_MATCHED_TOKENS": "[\"\"]", "WLP_TYPE": "I", "WL_DOCUMENT_NUMBER": "", "TRIGGERED_BY": [], "IS_BENEFICIARY_HIT": false, "AP_TRIGGERS": {}, "dob_agent_ap": ["02/31/1900", "04/31/1910"], "dob_agent_wl": ["MAY 6, 1981", "//"], "document_agent_ap": [["154421273", "022368917"], [], null, null], "document_agent_wl": "", "name_agent_ap": [null, ["Pladimir Vutin", "Eva Pladimirova"], ["Pladimir Vutin", "Eva Pladimirova"], ["Pladimir Vutin", "Eva Pladimirova"], ["Pladimir Vutin", "Eva Pladimirova"]], "name_agent_wl": ["Joe Ding", [""]], "nationality_agent_ap": [null, null, null, "", [], ["United States", "United States"], [], []], "nationality_agent_wl": [[""], [""], [""], "", null], "party_type_agent_ap": ["Individual", "Individual"], "party_type_agent_wl": "I", "pob_agent_ap": [[], null], "pob_agent_wl": ["", null, "Joe Ding", [""], [""]], "santioned_country_agent_ap": [null, "", null, null, null, null, null, null, null, null], "santioned_country_agent_wl": ["", null, "Joe Ding"], "residency_agent_ap": ["", null, null, null, ["United States", "United States"], null, null, null, null, null, null], "residency_agent_wl": ["", null], "hit_type_agent_ap": null, "hit_type_agent_wl": null, "ap_all_dobs_aggregated": ["04/31/1910", "02/31/1900"], "wl_all_dobs_aggregated": ["MAY 6, 1981", "//"], "ap_all_documents_aggregated": ["022368917", "154421273"], "wl_all_documents_aggregated": [], "ap_all_names_aggregated": ["Eva Pladimirova", "Pladimir Vutin"], "wl_all_names_aggregated": ["Joe Ding"], "ap_all_nationalities_aggregated": ["United States"], "wl_all_nationalities_aggregated": [], "ap_all_party_types_aggregated": ["Individual"], "wl_all_party_types_aggregated": ["I"], "ap_all_pobs_aggregated": [], "wl_all_pobs_aggregated": ["Joe Ding"], "ap_all_santioned_countries_aggregated": [], "wl_all_santioned_countries_aggregated": ["Joe Ding"], "ap_all_residencies_aggregated": ["United States"], "wl_all_residencies_aggregated": [], "ap_all_hit_types_aggregated": [], "wl_all_hit_types_aggregated": []}]}, "match_ids": [0], "ALL_CONNECTED_PARTIES_NAMES": ["Pladimir Vutin", "Eva Pladimirova"], "ALL_CONNECTED_PARTY_TYPES": ["Individual", "Individual"], "ALL_CONNECTED_PARTY_NAMES": ["Pladimir Vutin", "Eva Pladimirova"], "ALL_CONNECTED_TAX_IDS": ["154421273", "022368917"], "ALL_CONNECTED_PARTY_DOBS": ["02/31/1900", "04/31/1910"], "ALL_CONNECTED_PARTY_BIRTH_COUNTRIES": [], "ALL_CONNECTED_PARTY_CITIZENSHIP_COUNTRIES": ["United States", "United States"], "ALL_CONNECTED_PARTY_RESIDENCY_COUNTRIES": [], "ALL_CONNECTED_COUNTRY_OF_INCORPORATION": [], "ALL_CONNECTED_GOVT_IDS": [], "ALL_CONNECTED_ACCOUNT_NAMES": ["Pladimir Vutin", "Eva Pladimirova"], "ALL_CONNECTED_ACCOUNT_BRANCH_ACCOUNT_NUMBERS": ["234_142529", "234_142529"], "ALL_CONNECTED_ACCOUNT_BENEFICIARY_NAMES": ["Pladimir Vutin", "Eva Pladimirova"], "ALL_PARTY1_EMPLOYERS": null, "ALL_PARTY1_COUNTRY": null, "ALL_PARTY1_COUNTRY1": null, "ALL_PARTY1_COUNTRY_OF_INCORPORATION": null, "ALL_PARTY1_ADDRESS1_COUNTRY": "", "ALL_PARTY1_COUNTRY1_CITIZENSHIP": null, "ALL_PARTY1_COUNTRY2_CITIZENSHIP": null, "ALL_PARTY1_COUNTRY_FORMATION1": null, "ALL_PARTY1_COUNTRY_DOMICILE1": null, "ALL_PRTY_PRIM_CTZNSH_CNTRY": null, "ALL_PRTY_RSDNC_CNTRY_CD": null, "ALL_PARTY1_COUNTRY_PEP": null, "ALL_PARTY1_NAME_ALIAS1": null, "ALL_CONCAT_NAME": null, "ALL_PARTY1_GOVTID1_NUMBER": null, "ALL_PARTY1_GOVTID2_NUMBER": null, "cleaned_names": {"concat_residue": "Joe Black & Jane Doe 111 A 11TH ST AAA 1A New Jersey NJ"}, "concat_residue": "Joe Black & Jane Doe 111 A 11TH ST AAA 1A New Jersey NJ", "concat_address_no_changes": true}, {"alertedParty": {"headerInfo": {"currentVersionId": "122438658", "datasetId": "1044", "datasetName": "R_US_Active_Party", "firstVersionCreatedDt": "2020-01-08T09:31:30.264-05:00", "inputVersionSample": "R_US_Active_Address_A05003324172_2020-01-07-07.06.", "lastVersionUpdatedDt": "2020-01-08T09:31:30.264-05:00", "masterId": "72951854", "masterVersion": "412740c151535f0756e8dbec7440b726c7a3e135", "stopDescriptors": {"stopDescriptor": {"name": "Joe Doe"}}, "uniqueCustomerId": "R_US_Active_Address_A05003324172_2020-01-07-07.06.28.836480"}, "inputRecordHist": {"inputRecords": [{"createdDate": "01/08/20", "fields": [{"isScreenable": "false", "name": "SOURCE_REF", "sortOrder": "1", "value": "R_US_Active_Address_A05003324172_2020-01-07-07.06.28.836480"}, {"isScreenable": "false", "name": "UNIQUE_KEY", "sortOrder": "2", "value": "A05003324172"}, {"isScreenable": "false", "name": "BARCODE", "sortOrder": "3"}, {"isScreenable": "false", "name": "ADDRESS_TYPE", "sortOrder": "4", "value": "Plating Address"}, {"isScreenable": "true", "name": "CARE_OF_TEXT", "sortOrder": "5"}, {"isScreenable": "true", "name": "ATTENTION_TO_TEXT", "sortOrder": "6"}, {"isScreenable": "false", "name": "ADDRESS1_LINE1", "sortOrder": "7", "value": "Joe Black &"}, {"isScreenable": "false", "name": "ADDRESS1_LINE2", "sortOrder": "8", "value": "Jane Doe AA BBB"}, {"isScreenable": "false", "name": "ADDRESS1_LINE3", "sortOrder": "9", "value": "111 A 11TH ST AAA 1A"}, {"isScreenable": "false", "name": "ADDRESS1_LINE4", "sortOrder": "10", "value": "New Jersey NJ 10011"}, {"isScreenable": "false", "name": "ADDRESS1_LINE5", "sortOrder": "11"}, {"isScreenable": "false", "name": "ADDRESS1_LINE6", "sortOrder": "12"}, {"isScreenable": "true", "name": "CONCAT_ADDRESS", "sortOrder": "13", "value": "Joe Black & Jane Doe 111 A 11TH ST AAA 1A New Jersey NJ"}, {"isScreenable": "true", "name": "ADDRESS1_CITY", "sortOrder": "14"}, {"isScreenable": "true", "name": "ADDRESS1_STATE", "sortOrder": "15"}, {"isScreenable": "true", "name": "ADDRESS1_PROVINCE", "sortOrder": "16"}, {"isScreenable": "true", "name": "ADDRESS1_POSTALCODE", "sortOrder": "17"}, {"isScreenable": "true", "name": "ADDRESS1_ZIP5", "sortOrder": "18"}, {"isScreenable": "true", "name": "ADDRESS1_ZIP4", "sortOrder": "19"}, {"isScreenable": "true", "name": "ADDRESS1_COUNTRY", "sortOrder": "20", "value": ""}, {"isScreenable": "true", "name": "ADDRESS1_COUNTRYCODE", "sortOrder": "21", "value": ""}, {"isScreenable": "true", "name": "ADDRESS1_FOREIGNDOMESTICCODE", "sortOrder": "22", "value": "DOMESTIC"}], "masterId": "72951854", "status": "A", "uniqueCustId": "R_US_Active_Address_A05003324172_2020-01-07-07.06.28.836480", "version": "412740c151535f0756e8dbec7440b726c7a3e135", "versionId": "122438659", "INPUT_FIELD": {"SOURCE_REF": {"name": "SOURCE_REF", "isScreenable": "false", "value": "R_US_Active_Address_A05003324172_2020-01-07-07.06.28.836480", "sortOrder": "1"}, "UNIQUE_KEY": {"name": "UNIQUE_KEY", "isScreenable": "false", "value": "A05003324172", "sortOrder": "2"}, "BARCODE": {"name": "BARCODE", "isScreenable": "false", "value": "", "sortOrder": "3"}, "ADDRESS_TYPE": {"name": "ADDRESS_TYPE", "isScreenable": "false", "value": "Plating Address", "sortOrder": "4"}, "CARE_OF_TEXT": {"name": "CARE_OF_TEXT", "isScreenable": "true", "value": "", "sortOrder": "5"}, "ATTENTION_TO_TEXT": {"name": "ATTENTION_TO_TEXT", "isScreenable": "true", "value": "", "sortOrder": "6"}, "ADDRESS1_LINE1": {"name": "ADDRESS1_LINE1", "isScreenable": "false", "value": "Joe Black &", "sortOrder": "7"}, "ADDRESS1_LINE2": {"name": "ADDRESS1_LINE2", "isScreenable": "false", "value": "Jane Doe AA BBB", "sortOrder": "8"}, "ADDRESS1_LINE3": {"name": "ADDRESS1_LINE3", "isScreenable": "false", "value": "111 A 11TH ST AAA 1A", "sortOrder": "9"}, "ADDRESS1_LINE4": {"name": "ADDRESS1_LINE4", "isScreenable": "false", "value": "New Jersey NJ 10011", "sortOrder": "10"}, "ADDRESS1_LINE5": {"name": "ADDRESS1_LINE5", "isScreenable": "false", "value": "", "sortOrder": "11"}, "ADDRESS1_LINE6": {"name": "ADDRESS1_LINE6", "isScreenable": "false", "value": "", "sortOrder": "12"}, "CONCAT_ADDRESS": {"name": "CONCAT_ADDRESS", "isScreenable": "true", "value": "Joe Black & Jane Doe 111 A 11TH ST AAA 1A New Jersey NJ", "sortOrder": "13"}, "ADDRESS1_CITY": {"name": "ADDRESS1_CITY", "isScreenable": "true", "value": "", "sortOrder": "14"}, "ADDRESS1_STATE": {"name": "ADDRESS1_STATE", "isScreenable": "true", "value": "", "sortOrder": "15"}, "ADDRESS1_PROVINCE": {"name": "ADDRESS1_PROVINCE", "isScreenable": "true", "value": "", "sortOrder": "16"}, "ADDRESS1_POSTALCODE": {"name": "ADDRESS1_POSTALCODE", "isScreenable": "true", "value": "", "sortOrder": "17"}, "ADDRESS1_ZIP5": {"name": "ADDRESS1_ZIP5", "isScreenable": "true", "value": "", "sortOrder": "18"}, "ADDRESS1_ZIP4": {"name": "ADDRESS1_ZIP4", "isScreenable": "true", "value": "", "sortOrder": "19"}, "ADDRESS1_COUNTRY": {"name": "ADDRESS1_COUNTRY", "isScreenable": "true", "value": "", "sortOrder": "20"}, "ADDRESS1_COUNTRYCODE": {"name": "ADDRESS1_COUNTRYCODE", "isScreenable": "true", "value": "", "sortOrder": "21"}, "ADDRESS1_FOREIGNDOMESTICCODE": {"name": "ADDRESS1_FOREIGNDOMESTICCODE", "isScreenable": "true", "value": "DOMESTIC", "sortOrder": "22"}}}]}, "supplementalInfo": {"alertId": "SANC-ASM-6434404", "busDate": "20211127", "datasetName": "R_US_Active_Address", "relatedAccounts": {"accounts": [{"beneficiaryName": "Pladimir Vutin", "branchAccountNumber": "234_142529", "firstName": "Pladimir", "lastName": "Vutin", "srcSystemAccountKey": "2021-01-29-13.44.57.093694", "CONNECTED_FULL_NAME": "Pladimir Vutin"}, {"beneficiaryName": "Eva Pladimirova", "branchAccountNumber": "234_142529", "firstName": "Eva", "lastName": "Pladimirova", "srcSystemAccountKey": "2021-01-29-13.44.57.093694", "CONNECTED_FULL_NAME": "Eva Pladimirova"}]}, "relatedParties": {"party": [{"countryOfIncorporation": null, "dobDate": "02/31/1900", "partyCountryOfBirth": null, "partyFirstName": "Pladimir", "partyId": "0002712291", "partyLastName": "Vutin", "partyMiddleName": null, "partyName": "Pladimir Vutin", "partyPrimaryCitizenshipCountry": "United States", "partyResidenceCountry": "United States", "partyType": "Individual", "taxId": "154421273", "taxIdType": "SSN", "CONNECTED_FULL_NAME": "Pladimir Vutin"}, {"countryOfIncorporation": null, "dobDate": "04/31/1910", "partyCountryOfBirth": null, "partyFirstName": "Eva", "partyId": "0004727489", "partyLastName": "Pladimirova", "partyMiddleName": null, "partyName": "Eva Pladimirova", "partyPrimaryCitizenshipCountry": "United States", "partyResidenceCountry": "United States", "partyType": "Individual", "taxId": "022368917", "taxIdType": "SSN", "CONNECTED_FULL_NAME": "Eva Pladimirova"}]}, "uniqueCustId": "R_US_Active_Address_A00170086018_2018-08-28-18.45.50.012201"}}, "watchlistParty": {"matchRecords": [{"accountSeq": "1", "datasetId": "1044", "entity": {"addresses": {"address": {"address1": "111 STREET 999", "address2": "FL;US", "city": "ATLANTA", "country": "PL", "countryName": "Poland", "postalCode": "11111"}}, "createdDate": "10/16/2018", "dobs": [{"dob": "MAY 6, 1981"}], "entityType": "03", "id": "908044", "ids": null, "lastUpdateDate": "04/19/2019", "listCode": "-1003", "listId": "15991", "name": "Joe Dong", "programs": {"program": {"type": "MSSBGWM"}}, "sdfs": {"sdf": ["N/A", "N/A", "N/A", "N/A", "N/A", "PLEASE CALL AML HOT LINE AT 212 762 8000 AND REF CI-079385", "05/05/2015 19:49:26"]}, "source": "CON", "version": "20150505194923"}, "entityId": "908044", "entityTextType": "UPID", "entityType": "03", "entityVersion": "20150505194923", "firstMatchedDate": "01/08/20", "inputVersionId": "122438659", "lastMatchedDate": "01/08/20", "lastReviewDate": "01/08/20", "masterId": "72951854", "masterVersion": "412740c151535f0756e8dbec7440b726c7a3e135", "matchId": "49159506", "matchStatus": "O", "matchType": "GWL", "riskScore": "-1.0", "sourceCode": "CON", "stopDescriptors": [{"name": "Joe Doe", "stopDescriptorDetails": [{"inputSynonym": "null", "inputToken": "Doe", "matchScore": "0.8571428571428572", "sdToken": "Doe"}], "totalMatchScore": "0.9230769230769231"}], "uniqueCustomerId": "R_US_Active_Address_A05003324172_2020-01-07-07.06.28.836480\n      ", "SRC_REF_KEY": "R_US_Active_Address_A05003324172_2020-01-07-07.06.28.836480\n      ", "VERSION_ID": "122438659", "ENTITY_ID": "908044", "ENTITY_VERSION": "20150505194923", "WL_NAME": "Joe Dong", "WL_DOB": ["MAY 6, 1981", "//"], "WL_ENTITYTYPE": "03", "WL_COUNTRY": ["PL"], "WL_COUNTRY_NAME": "Poland", "WL_NATIONALITY": [""], "WL_CITIZENSHIP": [""], "WL_POB": [""], "WL_ALIASES": [""], "WL_ADDRESS1": ["111 STREET 999"], "WL_ADDRESS2": ["FL;US"], "WL_CITY": ["ATLANTA"], "WL_COUNTRYNAME": ["Poland"], "WL_POSTALCODE": ["11111"], "WL_MATCHED_TOKENS": "[\"\"]", "WLP_TYPE": "I", "WL_DOCUMENT_NUMBER": "", "TRIGGERED_BY": [], "IS_BENEFICIARY_HIT": false, "AP_TRIGGERS": {}, "dob_agent_ap": ["02/31/1900", "04/31/1910"], "dob_agent_wl": ["MAY 6, 1981", "//"], "document_agent_ap": [["154421273", "022368917"], [], null, null], "document_agent_wl": "", "name_agent_ap": [null, ["Pladimir Vutin", "Eva Pladimirova"], ["Pladimir Vutin", "Eva Pladimirova"], ["Pladimir Vutin", "Eva Pladimirova"], ["Pladimir Vutin", "Eva Pladimirova"]], "name_agent_wl": ["Joe Dong", [""]], "nationality_agent_ap": [null, null, null, "", [], ["United States", "United States"], [], []], "nationality_agent_wl": [[""], [""], [""], ["PL"], ["Poland"]], "party_type_agent_ap": ["Individual", "Individual"], "party_type_agent_wl": "I", "pob_agent_ap": [[], null], "pob_agent_wl": [["PL"], ["Poland"], "Joe Dong", [""], [""]], "santioned_country_agent_ap": [null, "", null, null, null, null, null, null, null, null], "santioned_country_agent_wl": [["PL"], ["Poland"], "Joe Dong"], "residency_agent_ap": ["", null, null, null, ["United States", "United States"], null, null, null, null, null, null], "residency_agent_wl": [["PL"], ["Poland"]], "hit_type_agent_ap": null, "hit_type_agent_wl": null, "ap_all_dobs_aggregated": ["04/31/1910", "02/31/1900"], "wl_all_dobs_aggregated": ["MAY 6, 1981", "//"], "ap_all_documents_aggregated": ["022368917", "154421273"], "wl_all_documents_aggregated": [], "ap_all_names_aggregated": ["Eva Pladimirova", "Pladimir Vutin"], "wl_all_names_aggregated": ["Joe Dong"], "ap_all_nationalities_aggregated": ["United States"], "wl_all_nationalities_aggregated": ["Poland", "PL"], "ap_all_party_types_aggregated": ["Individual"], "wl_all_party_types_aggregated": ["I"], "ap_all_pobs_aggregated": [], "wl_all_pobs_aggregated": ["Poland", "PL", "Joe Dong"], "ap_all_santioned_countries_aggregated": [], "wl_all_santioned_countries_aggregated": ["Poland", "PL", "Joe Dong"], "ap_all_residencies_aggregated": ["United States"], "wl_all_residencies_aggregated": ["Poland", "PL"], "ap_all_hit_types_aggregated": [], "wl_all_hit_types_aggregated": []}]}, "match_ids": [1], "ALL_CONNECTED_PARTIES_NAMES": ["Pladimir Vutin", "Eva Pladimirova"], "ALL_CONNECTED_PARTY_TYPES": ["Individual", "Individual"], "ALL_CONNECTED_PARTY_NAMES": ["Pladimir Vutin", "Eva Pladimirova"], "ALL_CONNECTED_TAX_IDS": ["154421273", "022368917"], "ALL_CONNECTED_PARTY_DOBS": ["02/31/1900", "04/31/1910"], "ALL_CONNECTED_PARTY_BIRTH_COUNTRIES": [], "ALL_CONNECTED_PARTY_CITIZENSHIP_COUNTRIES": ["United States", "United States"], "ALL_CONNECTED_PARTY_RESIDENCY_COUNTRIES": [], "ALL_CONNECTED_COUNTRY_OF_INCORPORATION": [], "ALL_CONNECTED_GOVT_IDS": [], "ALL_CONNECTED_ACCOUNT_NAMES": ["Pladimir Vutin", "Eva Pladimirova"], "ALL_CONNECTED_ACCOUNT_BRANCH_ACCOUNT_NUMBERS": ["234_142529", "234_142529"], "ALL_CONNECTED_ACCOUNT_BENEFICIARY_NAMES": ["Pladimir Vutin", "Eva Pladimirova"], "ALL_PARTY1_EMPLOYERS": null, "ALL_PARTY1_COUNTRY": null, "ALL_PARTY1_COUNTRY1": null, "ALL_PARTY1_COUNTRY_OF_INCORPORATION": null, "ALL_PARTY1_ADDRESS1_COUNTRY": "", "ALL_PARTY1_COUNTRY1_CITIZENSHIP": null, "ALL_PARTY1_COUNTRY2_CITIZENSHIP": null, "ALL_PARTY1_COUNTRY_FORMATION1": null, "ALL_PARTY1_COUNTRY_DOMICILE1": null, "ALL_PRTY_PRIM_CTZNSH_CNTRY": null, "ALL_PRTY_RSDNC_CNTRY_CD": null, "ALL_PARTY1_COUNTRY_PEP": null, "ALL_PARTY1_NAME_ALIAS1": null, "ALL_CONCAT_NAME": null, "ALL_PARTY1_GOVTID1_NUMBER": null, "ALL_PARTY1_GOVTID2_NUMBER": null, "cleaned_names": {"concat_residue": "Joe Black & Jane Doe 111 A 11TH ST AAA 1A New Jersey NJ"}, "concat_residue": "Joe Black & Jane Doe 111 A 11TH ST AAA 1A New Jersey NJ", "concat_address_no_changes": true}]