{"alertedParty.headerInfo.currentVersionId": "122438658", "alertedParty.headerInfo.datasetId": "1044", "alertedParty.headerInfo.datasetName": "R_US_Active_Address", "alertedParty.headerInfo.firstVersionCreatedDt": "2020-01-08T09:31:30.264-05:00", "alertedParty.headerInfo.inputVersionSample": "R_US_Active_Address_A05003324172_2020-01-07-07.06.", "alertedParty.headerInfo.lastVersionUpdatedDt": "2020-01-08T09:31:30.264-05:00", "alertedParty.headerInfo.masterId": "72951854", "alertedParty.headerInfo.masterVersion": "412740c151535f0756e8dbec7440b726c7a3e135", "alertedParty.headerInfo.stopDescriptors.stopDescriptor.name": "Joe Doe", "alertedParty.headerInfo.uniqueCustomerId": "R_US_Active_Address_A05003324172_2020-01-07-07.06.28.836480", "alertedParty.inputRecordHist.inputRecords[0].createdDate": "01/08/20", "alertedParty.inputRecordHist.inputRecords[0].fields[0].isScreenable": "false", "alertedParty.inputRecordHist.inputRecords[0].fields[0].name": "SOURCE_REF", "alertedParty.inputRecordHist.inputRecords[0].fields[0].sortOrder": "1", "alertedParty.inputRecordHist.inputRecords[0].fields[0].value": "R_US_Active_Address_A05003324172_2020-01-07-07.06.28.836480", "alertedParty.inputRecordHist.inputRecords[0].fields[1].isScreenable": "false", "alertedParty.inputRecordHist.inputRecords[0].fields[1].name": "UNIQUE_KEY", "alertedParty.inputRecordHist.inputRecords[0].fields[1].sortOrder": "2", "alertedParty.inputRecordHist.inputRecords[0].fields[1].value": "A05003324172", "alertedParty.inputRecordHist.inputRecords[0].fields[2].isScreenable": "false", "alertedParty.inputRecordHist.inputRecords[0].fields[2].name": "BARCODE", "alertedParty.inputRecordHist.inputRecords[0].fields[2].sortOrder": "3", "alertedParty.inputRecordHist.inputRecords[0].fields[3].isScreenable": "false", "alertedParty.inputRecordHist.inputRecords[0].fields[3].name": "ADDRESS_TYPE", "alertedParty.inputRecordHist.inputRecords[0].fields[3].sortOrder": "4", "alertedParty.inputRecordHist.inputRecords[0].fields[3].value": "Plating Address", "alertedParty.inputRecordHist.inputRecords[0].fields[4].isScreenable": "true", "alertedParty.inputRecordHist.inputRecords[0].fields[4].name": "CARE_OF_TEXT", "alertedParty.inputRecordHist.inputRecords[0].fields[4].sortOrder": "5", "alertedParty.inputRecordHist.inputRecords[0].fields[5].isScreenable": "true", "alertedParty.inputRecordHist.inputRecords[0].fields[5].name": "ATTENTION_TO_TEXT", "alertedParty.inputRecordHist.inputRecords[0].fields[5].sortOrder": "6", "alertedParty.inputRecordHist.inputRecords[0].fields[6].isScreenable": "false", "alertedParty.inputRecordHist.inputRecords[0].fields[6].name": "ADDRESS1_LINE1", "alertedParty.inputRecordHist.inputRecords[0].fields[6].sortOrder": "7", "alertedParty.inputRecordHist.inputRecords[0].fields[6].value": "Joe Black &", "alertedParty.inputRecordHist.inputRecords[0].fields[7].isScreenable": "false", "alertedParty.inputRecordHist.inputRecords[0].fields[7].name": "ADDRESS1_LINE2", "alertedParty.inputRecordHist.inputRecords[0].fields[7].sortOrder": "8", "alertedParty.inputRecordHist.inputRecords[0].fields[7].value": "Jane Doe AA BBB", "alertedParty.inputRecordHist.inputRecords[0].fields[8].isScreenable": "false", "alertedParty.inputRecordHist.inputRecords[0].fields[8].name": "ADDRESS1_LINE3", "alertedParty.inputRecordHist.inputRecords[0].fields[8].sortOrder": "9", "alertedParty.inputRecordHist.inputRecords[0].fields[8].value": "111 A 11TH ST AAA 1A", "alertedParty.inputRecordHist.inputRecords[0].fields[9].isScreenable": "false", "alertedParty.inputRecordHist.inputRecords[0].fields[9].name": "ADDRESS1_LINE4", "alertedParty.inputRecordHist.inputRecords[0].fields[9].sortOrder": "10", "alertedParty.inputRecordHist.inputRecords[0].fields[9].value": "New Jersey NJ 10011", "alertedParty.inputRecordHist.inputRecords[0].fields[10].isScreenable": "false", "alertedParty.inputRecordHist.inputRecords[0].fields[10].name": "ADDRESS1_LINE5", "alertedParty.inputRecordHist.inputRecords[0].fields[10].sortOrder": "11", "alertedParty.inputRecordHist.inputRecords[0].fields[11].isScreenable": "false", "alertedParty.inputRecordHist.inputRecords[0].fields[11].name": "ADDRESS1_LINE6", "alertedParty.inputRecordHist.inputRecords[0].fields[11].sortOrder": "12", "alertedParty.inputRecordHist.inputRecords[0].fields[12].isScreenable": "true", "alertedParty.inputRecordHist.inputRecords[0].fields[12].name": "CONCAT_ADDRESS", "alertedParty.inputRecordHist.inputRecords[0].fields[12].sortOrder": "13", "alertedParty.inputRecordHist.inputRecords[0].fields[12].value": "Joe Black & Jane Doe 111 A 11TH ST AAA 1A New Jersey NJ", "alertedParty.inputRecordHist.inputRecords[0].fields[13].isScreenable": "true", "alertedParty.inputRecordHist.inputRecords[0].fields[13].name": "ADDRESS1_CITY", "alertedParty.inputRecordHist.inputRecords[0].fields[13].sortOrder": "14", "alertedParty.inputRecordHist.inputRecords[0].fields[14].isScreenable": "true", "alertedParty.inputRecordHist.inputRecords[0].fields[14].name": "ADDRESS1_STATE", "alertedParty.inputRecordHist.inputRecords[0].fields[14].sortOrder": "15", "alertedParty.inputRecordHist.inputRecords[0].fields[15].isScreenable": "true", "alertedParty.inputRecordHist.inputRecords[0].fields[15].name": "ADDRESS1_PROVINCE", "alertedParty.inputRecordHist.inputRecords[0].fields[15].sortOrder": "16", "alertedParty.inputRecordHist.inputRecords[0].fields[16].isScreenable": "true", "alertedParty.inputRecordHist.inputRecords[0].fields[16].name": "ADDRESS1_POSTALCODE", "alertedParty.inputRecordHist.inputRecords[0].fields[16].sortOrder": "17", "alertedParty.inputRecordHist.inputRecords[0].fields[17].isScreenable": "true", "alertedParty.inputRecordHist.inputRecords[0].fields[17].name": "ADDRESS1_ZIP5", "alertedParty.inputRecordHist.inputRecords[0].fields[17].sortOrder": "18", "alertedParty.inputRecordHist.inputRecords[0].fields[18].isScreenable": "true", "alertedParty.inputRecordHist.inputRecords[0].fields[18].name": "ADDRESS1_ZIP4", "alertedParty.inputRecordHist.inputRecords[0].fields[18].sortOrder": "19", "alertedParty.inputRecordHist.inputRecords[0].fields[19].isScreenable": "true", "alertedParty.inputRecordHist.inputRecords[0].fields[19].name": "ADDRESS1_COUNTRY", "alertedParty.inputRecordHist.inputRecords[0].fields[19].sortOrder": "20", "alertedParty.inputRecordHist.inputRecords[0].fields[19].value": "UNITED STATES OF AMERICA", "alertedParty.inputRecordHist.inputRecords[0].fields[20].isScreenable": "true", "alertedParty.inputRecordHist.inputRecords[0].fields[20].name": "ADDRESS1_COUNTRYCODE", "alertedParty.inputRecordHist.inputRecords[0].fields[20].sortOrder": "21", "alertedParty.inputRecordHist.inputRecords[0].fields[20].value": "USA", "alertedParty.inputRecordHist.inputRecords[0].fields[21].isScreenable": "true", "alertedParty.inputRecordHist.inputRecords[0].fields[21].name": "ADDRESS1_FOREIGNDOMESTICCODE", "alertedParty.inputRecordHist.inputRecords[0].fields[21].sortOrder": "22", "alertedParty.inputRecordHist.inputRecords[0].fields[21].value": "DOMESTIC", "alertedParty.inputRecordHist.inputRecords[0].masterId": "72951854", "alertedParty.inputRecordHist.inputRecords[0].status": "A", "alertedParty.inputRecordHist.inputRecords[0].uniqueCustId": "R_US_Active_Address_A05003324172_2020-01-07-07.06.28.836480", "alertedParty.inputRecordHist.inputRecords[0].version": "412740c151535f0756e8dbec7440b726c7a3e135", "alertedParty.inputRecordHist.inputRecords[0].versionId": "122438659"}