{
  "supplementalInfo": {
    "alertId": "SANC-ASM-6434404",
    "uniqueCustId": "R_US_Active_Address_A00170086018_2018-08-28-18.45.50.012201",
    "busDate": "20211127",
    "datasetName": "R_US_Active_Address",
    "relatedParties": {
      "party": [
        {
          "id": "0002712291",
          "fields": {
            "taxId": "154421273",
            "taxIdType": "SSN",
            "partyResidenceCountry": "United States",
            "partyName": "Pladimir Vutin",
            "partyLastName": "Vutin",
            "partyType": "Individual",
            "countryOfIncorporation": null,
            "dobDate": "02/31/1900",
            "partyPrimaryCitizenshipCountry": "United States",
            "partyCountryOfBirth": null,
            "partyFirstName": "Pladimir",
            "partyMiddleName": null,
            "partyId": "0002712291"
          }
        },
        {
          "id": "0004727489",
          "fields": {
            "taxId": "022368917",
            "taxIdType": "SSN",
            "partyResidenceCountry": "United States",
            "partyName": "Eva Pladimirova",
            "partyLastName": "Pladimirova",
            "partyType": "Individual",
            "countryOfIncorporation": null,
            "dobDate": "04/31/1910",
            "partyPrimaryCitizenshipCountry": "United States",
            "partyCountryOfBirth": null,
            "partyFirstName": "Eva",
            "partyMiddleName": null,
            "partyId": "0004727489"
          }
        }
      ]
    },
    "relatedAccounts": {
      "account": [
        {
          "id": "2021-01-29-13.44.57.093694",
          "fields": {
            "branchAccountNumber": "234_142529",
            "lastName": "Vutin",
            "srcSystemAccountKey": "2021-01-29-13.44.57.093694",
            "firstName": "Pladimir",
            "beneficiaryName": "Pladimir Vutin"
          }
        },
        {
          "id": "2021-01-29-13.44.57.093694",
          "fields": {
            "branchAccountNumber": "234_142529",
            "lastName": "Pladimirova",
            "srcSystemAccountKey": "2021-01-29-13.44.57.093694",
            "firstName": "Eva",
            "beneficiaryName": "Eva Pladimirova"
          }
        }
      ]
    }
  },
  "alert": {
    "headerInfo": {
      "uniqueCustomerId": "R_US_Active_Address_A05003324172_2020-01-07-07.06.28.836480",
      "datasetId": "1044",
      "datasetName": "R_US_Active_Address",
      "masterId": "72951854",
      "currentVersionId": "122438658",
      "stopDescriptors": {
        "stopDescriptor": {
          "name": "Joe Doe"
        }
      },
      "firstVersionCreatedDt": "2020-01-08T09:31:30.264-05:00",
      "lastVersionUpdatedDt": "2020-01-08T09:31:30.264-05:00",
      "masterVersion": "412740c151535f0756e8dbec7440b726c7a3e135",
      "inputVersionSample": "R_US_Active_Address_A05003324172_2020-01-07-07.06."
    },
    "inputRecordHist": [
      {
        "version": "412740c151535f0756e8dbec7440b726c7a3e135",
        "createdDate": "01/08/20",
        "field": [
          {
            "name": "SOURCE_REF",
            "isScreenable": "false",
            "value": "R_US_Active_Address_A05003324172_2020-01-07-07.06.28.836480",
            "sortOrder": "1"
          },
          {
            "name": "UNIQUE_KEY",
            "isScreenable": "false",
            "value": "A05003324172",
            "sortOrder": "2"
          },
          {
            "name": "BARCODE",
            "isScreenable": "false",
            "sortOrder": "3"
          },
          {
            "name": "ADDRESS_TYPE",
            "isScreenable": "false",
            "value": "Plating Address",
            "sortOrder": "4"
          },
          {
            "name": "CARE_OF_TEXT",
            "isScreenable": "true",
            "sortOrder": "5"
          },
          {
            "name": "ATTENTION_TO_TEXT",
            "isScreenable": "true",
            "sortOrder": "6"
          },
          {
            "name": "ADDRESS1_LINE1",
            "isScreenable": "false",
            "value": "Joe Black &",
            "sortOrder": "7"
          },
          {
            "name": "ADDRESS1_LINE2",
            "isScreenable": "false",
            "value": "Jane Doe AA BBB",
            "sortOrder": "8"
          },
          {
            "name": "ADDRESS1_LINE3",
            "isScreenable": "false",
            "value": "111 A 11TH ST AAA 1A",
            "sortOrder": "9"
          },
          {
            "name": "ADDRESS1_LINE4",
            "isScreenable": "false",
            "value": "New Jersey NJ 10011",
            "sortOrder": "10"
          },
          {
            "name": "ADDRESS1_LINE5",
            "isScreenable": "false",
            "sortOrder": "11"
          },
          {
            "name": "ADDRESS1_LINE6",
            "isScreenable": "false",
            "sortOrder": "12"
          },
          {
            "name": "CONCAT_ADDRESS",
            "isScreenable": "true",
            "value": "Joe Black & Jane Doe 111 A 11TH ST AAA 1A New Jersey NJ",
            "sortOrder": "13"
          },
          {
            "name": "ADDRESS1_CITY",
            "isScreenable": "true",
            "sortOrder": "14"
          },
          {
            "name": "ADDRESS1_STATE",
            "isScreenable": "true",
            "sortOrder": "15"
          },
          {
            "name": "ADDRESS1_PROVINCE",
            "isScreenable": "true",
            "sortOrder": "16"
          },
          {
            "name": "ADDRESS1_POSTALCODE",
            "isScreenable": "true",
            "sortOrder": "17"
          },
          {
            "name": "ADDRESS1_ZIP5",
            "isScreenable": "true",
            "sortOrder": "18"
          },
          {
            "name": "ADDRESS1_ZIP4",
            "isScreenable": "true",
            "sortOrder": "19"
          },
          {
            "name": "ADDRESS1_COUNTRY",
            "isScreenable": "true",
            "value": "UNITED STATES OF AMERICA",
            "sortOrder": "20"
          },
          {
            "name": "ADDRESS1_COUNTRYCODE",
            "isScreenable": "true",
            "value": "USA",
            "sortOrder": "21"
          },
          {
            "name": "ADDRESS1_FOREIGNDOMESTICCODE",
            "isScreenable": "true",
            "value": "DOMESTIC",
            "sortOrder": "22"
          }
        ],
        "status": "A",
        "masterId": "72951854",
        "versionId": "122438658",
        "uniqueCustId": "R_US_Active_Address_A05003324172_2020-01-07-07.06.28.836480"
      },
      {
        "version": "412740c151535f0756e8dbec7440b726c7a3e135",
        "createdDate": "01/08/20",
        "field": [
          {
            "name": "SOURCE_REF",
            "isScreenable": "false",
            "value": "R_US_Active_Address_A05003324172_2020-01-07-07.06.28.836480",
            "sortOrder": "1"
          },
          {
            "name": "UNIQUE_KEY",
            "isScreenable": "false",
            "value": "A05003324172",
            "sortOrder": "2"
          },
          {
            "name": "BARCODE",
            "isScreenable": "false",
            "sortOrder": "3"
          },
          {
            "name": "ADDRESS_TYPE",
            "isScreenable": "false",
            "value": "Plating Address",
            "sortOrder": "4"
          },
          {
            "name": "CARE_OF_TEXT",
            "isScreenable": "true",
            "sortOrder": "5"
          },
          {
            "name": "ATTENTION_TO_TEXT",
            "isScreenable": "true",
            "sortOrder": "6"
          },
          {
            "name": "ADDRESS1_LINE1",
            "isScreenable": "false",
            "value": "Joe Black &",
            "sortOrder": "7"
          },
          {
            "name": "ADDRESS1_LINE2",
            "isScreenable": "false",
            "value": "Jane Doe AA BBB",
            "sortOrder": "8"
          },
          {
            "name": "ADDRESS1_LINE3",
            "isScreenable": "false",
            "value": "111 A 11TH ST AAA 1A",
            "sortOrder": "9"
          },
          {
            "name": "ADDRESS1_LINE4",
            "isScreenable": "false",
            "value": "New Jersey NJ 10011",
            "sortOrder": "10"
          },
          {
            "name": "ADDRESS1_LINE5",
            "isScreenable": "false",
            "sortOrder": "11"
          },
          {
            "name": "ADDRESS1_LINE6",
            "isScreenable": "false",
            "sortOrder": "12"
          },
          {
            "name": "CONCAT_ADDRESS",
            "isScreenable": "true",
            "value": "Joe Black & Jane Doe 111 A 11TH ST AAA 1A New Jersey NJ",
            "sortOrder": "13"
          },
          {
            "name": "ADDRESS1_CITY",
            "isScreenable": "true",
            "sortOrder": "14"
          },
          {
            "name": "ADDRESS1_STATE",
            "isScreenable": "true",
            "sortOrder": "15"
          },
          {
            "name": "ADDRESS1_PROVINCE",
            "isScreenable": "true",
            "sortOrder": "16"
          },
          {
            "name": "ADDRESS1_POSTALCODE",
            "isScreenable": "true",
            "sortOrder": "17"
          },
          {
            "name": "ADDRESS1_ZIP5",
            "isScreenable": "true",
            "sortOrder": "18"
          },
          {
            "name": "ADDRESS1_ZIP4",
            "isScreenable": "true",
            "sortOrder": "19"
          },
          {
            "name": "ADDRESS1_COUNTRY",
            "isScreenable": "true",
            "value": "UNITED STATES OF AMERICA",
            "sortOrder": "20"
          },
          {
            "name": "ADDRESS1_COUNTRYCODE",
            "isScreenable": "true",
            "value": "USA",
            "sortOrder": "21"
          },
          {
            "name": "ADDRESS1_FOREIGNDOMESTICCODE",
            "isScreenable": "true",
            "value": "DOMESTIC",
            "sortOrder": "22"
          }
        ],
        "status": "A",
        "masterId": "72951854",
        "versionId": "122438659",
        "uniqueCustId": "R_US_Active_Address_A05003324172_2020-01-07-07.06.28.836480"
      }
    ],
    "matchRecords": [
      {
        "masterId": "72951854",
        "accountSeq": "1",
        "datasetId": "1044",
        "uniqueCustomerId": "R_US_Active_Address_A05003324172_2020-01-07-07.06.28.836480\n      ",
        "masterVersion": "412740c151535f0756e8dbec7440b726c7a3e135",
        "matchId": "49159509",
        "matchStatus": "O",
        "riskScore": "-1.0",
        "inputVersionId": "122438658",
        "matchType": "GWL",
        "entityId": "908043",
        "entityVersion": "20150505194929",
        "entity": {
          "id": "908049",
          "version": "20150505194929",
          "name": "Joe Ding",
          "listId": "15991",
          "listCode": "-1003",
          "entityType": "03",
          "createdDate": "10/16/2018",
          "lastUpdateDate": "04/19/2019",
          "source": "CON",
          "dobs": {
            "dob": "MAY 6, 1981"
          },
          "ids": null,
          "programs": {
            "program": {
              "type": "MSSBGWM"
            }
          },
          "sdfs": {
            "sdf": [
              "N/A",
              "N/A",
              "N/A",
              "N/A",
              "N/A",
              "PLEASE CALL AML HOT LINE AT 212 762 8000 AND REF CI-079385",
              "05/05/2015 19:49:26"
            ]
          },
          "addresses": {
            "address": {
              "address1": "111 STREET 999",
              "city": "ATLANTA",
              "postalCode": "11111",
              "address2": "FL;US",
              "country": "US",
              "countryName": "United States of America"
            }
          }
        },
        "entityType": "03",
        "entityTextType": "UPID",
        "sourceCode": "CON",
        "stopDescriptors": [
          {
            "name": "Joe Doe",
            "totalMatchScore": "0.9230769230769231",
            "stopDescriptorDetail": {
              "inputToken": "Doe",
              "inputSynonym": "null",
              "sdToken": "Doe",
              "matchScore": "0.8571428571428572"
            }
          }
        ],
        "firstMatchedDate": "01/08/20",
        "lastMatchedDate": "01/08/20",
        "lastReviewDate": "01/08/20"
      },
      {
        "masterId": "72951854",
        "accountSeq": "1",
        "datasetId": "1044",
        "uniqueCustomerId": "R_US_Active_Address_A05003324172_2020-01-07-07.06.28.836480\n      ",
        "masterVersion": "412740c151535f0756e8dbec7440b726c7a3e135",
        "matchId": "49159506",
        "matchStatus": "O",
        "riskScore": "-1.0",
        "inputVersionId": "122438659",
        "matchType": "GWL",
        "entityId": "908044",
        "entityVersion": "20150505194923",
        "entity": {
          "id": "908044",
          "version": "20150505194923",
          "name": "Joe Dong",
          "listId": "15991",
          "listCode": "-1003",
          "entityType": "03",
          "createdDate": "10/16/2018",
          "lastUpdateDate": "04/19/2019",
          "source": "CON",
          "dobs": {
            "dob": "MAY 6, 1981"
          },
          "ids": null,
          "programs": {
            "program": {
              "type": "MSSBGWM"
            }
          },
          "sdfs": {
            "sdf": [
              "N/A",
              "N/A",
              "N/A",
              "N/A",
              "N/A",
              "PLEASE CALL AML HOT LINE AT 212 762 8000 AND REF CI-079385",
              "05/05/2015 19:49:26"
            ]
          },
          "addresses": {
            "address": {
              "address1": "111 STREET 999",
              "city": "ATLANTA",
              "postalCode": "11111",
              "address2": "FL;US",
              "country": "PL",
              "countryName": "Poland"
            }
          }
        },
        "entityType": "03",
        "entityTextType": "UPID",
        "sourceCode": "CON",
        "stopDescriptors": [
          {
            "name": "Joe Doe",
            "totalMatchScore": "0.9230769230769231",
            "stopDescriptorDetail": {
              "inputToken": "Doe",
              "inputSynonym": "null",
              "sdToken": "Doe",
              "matchScore": "0.8571428571428572"
            }
          }
        ],
        "firstMatchedDate": "01/08/20",
        "lastMatchedDate": "01/08/20",
        "lastReviewDate": "01/08/20"
      }
    ]
  }
}