{
    "supplementalInfo": {
      "alertId": "SANC-ASM-6434404",
      "uniqueCustId": "R_US_Active_Address_A00170086018_2018-08-28-18.45.50.012201",
      "busDate": "20211127",
      "datasetName": "R_US_Active_Address",
      "relatedParties": {
        "party": [
          {
            "id": "0002712291",
            "fields": {
              "taxId": "154421273",
              "taxIdType": "SSN",
              "partyResidenceCountry": "United States",
              "partyName": "Pladimir Vutin",
              "partyLastName": "Vutin",
              "partyType": "Individual",
              "countryOfIncorporation": null,
              "dobDate": "02/31/1900",
              "partyPrimaryCitizenshipCountry": "United States",
              "partyCountryOfBirth": null,
              "partyFirstName": "Pladimir",
              "partyMiddleName": null,
              "partyId": "0002712291"
            }
          },
          {
            "id": "0004727489",
            "fields": {
              "taxId": "022368917",
              "taxIdType": "SSN",
              "partyResidenceCountry": "United States",
              "partyName": "Eva Pladimirova",
              "partyLastName": "Pladimirova",
              "partyType": "Individual",
              "countryOfIncorporation": null,
              "dobDate": "04/31/1910",
              "partyPrimaryCitizenshipCountry": "United States",
              "partyCountryOfBirth": null,
              "partyFirstName": "Eva",
              "partyMiddleName": null,
              "partyId": "0004727489"
            }
          }
        ]
      },
      "relatedAccounts": {
        "account": [
          {
            "id": "2021-01-29-13.44.57.093694",
            "fields": {
              "branchAccountNumber": "234_142529",
              "lastName": "Vutin",
              "srcSystemAccountKey": "2021-01-29-13.44.57.093694",
              "firstName": "Pladimir",
              "beneficiaryName": "Pladimir Vutin"
            }
          },
          {
            "id": "2021-01-29-13.44.57.093694",
            "fields": {
              "branchAccountNumber": "234_142529",
              "lastName": "Pladimirova",
              "srcSystemAccountKey": "2021-01-29-13.44.57.093694",
              "firstName": "Eva",
              "beneficiaryName": "Eva Pladimirova"
            }
          }
        ]
      }
    }
  }