{
    "alertedParty.headerInfo.uniqueCustomerId": "R_US_Active_Address_A05003324172_2020-01-07-07.06.28.836480",
    "alertedParty.headerInfo.datasetId": "1044",
    "alertedParty.headerInfo.datasetName": "R_US_Active_Address",
    "alertedParty.headerInfo.masterId": "72951854",
    "alertedParty.headerInfo.currentVersionId": "122438658",
    "alertedParty.headerInfo.stopDescriptors.stopDescriptor.name": "Joe Doe",
    "alertedParty.headerInfo.firstVersionCreatedDt": "2020-01-08T09:31:30.264-05:00",
    "alertedParty.headerInfo.lastVersionUpdatedDt": "2020-01-08T09:31:30.264-05:00",
    "alertedParty.headerInfo.masterVersion": "412740c151535f0756e8dbec7440b726c7a3e135",
    "alertedParty.headerInfo.inputVersionSample": "R_US_Active_Address_A05003324172_2020-01-07-07.06.",
    "alertedParty.inputRecordHist.inputRecords[0].version": "412740c151535f0756e8dbec7440b726c7a3e135",
    "alertedParty.inputRecordHist.inputRecords[0].createdDate": "01/08/20",
    "alertedParty.inputRecordHist.inputRecords[0].fields[0].name": "SOURCE_REF",
    "alertedParty.inputRecordHist.inputRecords[0].fields[0].isScreenable": "false",
    "alertedParty.inputRecordHist.inputRecords[0].fields[0].value": "R_US_Active_Address_A05003324172_2020-01-07-07.06.28.836480",
    "alertedParty.inputRecordHist.inputRecords[0].fields[0].sortOrder": "1",
    "alertedParty.inputRecordHist.inputRecords[0].fields[1].name": "UNIQUE_KEY",
    "alertedParty.inputRecordHist.inputRecords[0].fields[1].isScreenable": "false",
    "alertedParty.inputRecordHist.inputRecords[0].fields[1].value": "A05003324172",
    "alertedParty.inputRecordHist.inputRecords[0].fields[1].sortOrder": "2",
    "alertedParty.inputRecordHist.inputRecords[0].fields[2].name": "BARCODE",
    "alertedParty.inputRecordHist.inputRecords[0].fields[2].isScreenable": "false",
    "alertedParty.inputRecordHist.inputRecords[0].fields[2].sortOrder": "3",
    "alertedParty.inputRecordHist.inputRecords[0].fields[3].name": "ADDRESS_TYPE",
    "alertedParty.inputRecordHist.inputRecords[0].fields[3].isScreenable": "false",
    "alertedParty.inputRecordHist.inputRecords[0].fields[3].value": "Plating Address",
    "alertedParty.inputRecordHist.inputRecords[0].fields[3].sortOrder": "4",
    "alertedParty.inputRecordHist.inputRecords[0].fields[4].name": "CARE_OF_TEXT",
    "alertedParty.inputRecordHist.inputRecords[0].fields[4].isScreenable": "true",
    "alertedParty.inputRecordHist.inputRecords[0].fields[4].sortOrder": "5",
    "alertedParty.inputRecordHist.inputRecords[0].fields[5].name": "ATTENTION_TO_TEXT",
    "alertedParty.inputRecordHist.inputRecords[0].fields[5].isScreenable": "true",
    "alertedParty.inputRecordHist.inputRecords[0].fields[5].sortOrder": "6",
    "alertedParty.inputRecordHist.inputRecords[0].fields[6].name": "ADDRESS1_LINE1",
    "alertedParty.inputRecordHist.inputRecords[0].fields[6].isScreenable": "false",
    "alertedParty.inputRecordHist.inputRecords[0].fields[6].value": "Joe Black &",
    "alertedParty.inputRecordHist.inputRecords[0].fields[6].sortOrder": "7",
    "alertedParty.inputRecordHist.inputRecords[0].fields[7].name": "ADDRESS1_LINE2",
    "alertedParty.inputRecordHist.inputRecords[0].fields[7].isScreenable": "false",
    "alertedParty.inputRecordHist.inputRecords[0].fields[7].value": "Jane Doe AA BBB",
    "alertedParty.inputRecordHist.inputRecords[0].fields[7].sortOrder": "8",
    "alertedParty.inputRecordHist.inputRecords[0].fields[8].name": "ADDRESS1_LINE3",
    "alertedParty.inputRecordHist.inputRecords[0].fields[8].isScreenable": "false",
    "alertedParty.inputRecordHist.inputRecords[0].fields[8].value": "111 A 11TH ST AAA 1A",
    "alertedParty.inputRecordHist.inputRecords[0].fields[8].sortOrder": "9",
    "alertedParty.inputRecordHist.inputRecords[0].fields[9].name": "ADDRESS1_LINE4",
    "alertedParty.inputRecordHist.inputRecords[0].fields[9].isScreenable": "false",
    "alertedParty.inputRecordHist.inputRecords[0].fields[9].value": "New Jersey NJ 10011",
    "alertedParty.inputRecordHist.inputRecords[0].fields[9].sortOrder": "10",
    "alertedParty.inputRecordHist.inputRecords[0].fields[10].name": "ADDRESS1_LINE5",
    "alertedParty.inputRecordHist.inputRecords[0].fields[10].isScreenable": "false",
    "alertedParty.inputRecordHist.inputRecords[0].fields[10].sortOrder": "11",
    "alertedParty.inputRecordHist.inputRecords[0].fields[11].name": "ADDRESS1_LINE6",
    "alertedParty.inputRecordHist.inputRecords[0].fields[11].isScreenable": "false",
    "alertedParty.inputRecordHist.inputRecords[0].fields[11].sortOrder": "12",
    "alertedParty.inputRecordHist.inputRecords[0].fields[12].name": "CONCAT_ADDRESS",
    "alertedParty.inputRecordHist.inputRecords[0].fields[12].isScreenable": "true",
    "alertedParty.inputRecordHist.inputRecords[0].fields[12].value": "Joe Black & Jane Doe 111 A 11TH ST AAA 1A New Jersey NJ",
    "alertedParty.inputRecordHist.inputRecords[0].fields[12].sortOrder": "13",
    "alertedParty.inputRecordHist.inputRecords[0].fields[13].name": "ADDRESS1_CITY",
    "alertedParty.inputRecordHist.inputRecords[0].fields[13].isScreenable": "true",
    "alertedParty.inputRecordHist.inputRecords[0].fields[13].sortOrder": "14",
    "alertedParty.inputRecordHist.inputRecords[0].fields[14].name": "ADDRESS1_STATE",
    "alertedParty.inputRecordHist.inputRecords[0].fields[14].isScreenable": "true",
    "alertedParty.inputRecordHist.inputRecords[0].fields[14].sortOrder": "15",
    "alertedParty.inputRecordHist.inputRecords[0].fields[15].name": "ADDRESS1_PROVINCE",
    "alertedParty.inputRecordHist.inputRecords[0].fields[15].isScreenable": "true",
    "alertedParty.inputRecordHist.inputRecords[0].fields[15].sortOrder": "16",
    "alertedParty.inputRecordHist.inputRecords[0].fields[16].name": "ADDRESS1_POSTALCODE",
    "alertedParty.inputRecordHist.inputRecords[0].fields[16].isScreenable": "true",
    "alertedParty.inputRecordHist.inputRecords[0].fields[16].sortOrder": "17",
    "alertedParty.inputRecordHist.inputRecords[0].fields[17].name": "ADDRESS1_ZIP5",
    "alertedParty.inputRecordHist.inputRecords[0].fields[17].isScreenable": "true",
    "alertedParty.inputRecordHist.inputRecords[0].fields[17].sortOrder": "18",
    "alertedParty.inputRecordHist.inputRecords[0].fields[18].name": "ADDRESS1_ZIP4",
    "alertedParty.inputRecordHist.inputRecords[0].fields[18].isScreenable": "true",
    "alertedParty.inputRecordHist.inputRecords[0].fields[18].sortOrder": "19",
    "alertedParty.inputRecordHist.inputRecords[0].fields[19].name": "ADDRESS1_COUNTRY",
    "alertedParty.inputRecordHist.inputRecords[0].fields[19].isScreenable": "true",
    "alertedParty.inputRecordHist.inputRecords[0].fields[19].value": "UNITED STATES OF AMERICA",
    "alertedParty.inputRecordHist.inputRecords[0].fields[19].sortOrder": "20",
    "alertedParty.inputRecordHist.inputRecords[0].fields[20].name": "ADDRESS1_COUNTRYCODE",
    "alertedParty.inputRecordHist.inputRecords[0].fields[20].isScreenable": "true",
    "alertedParty.inputRecordHist.inputRecords[0].fields[20].value": "USA",
    "alertedParty.inputRecordHist.inputRecords[0].fields[20].sortOrder": "21",
    "alertedParty.inputRecordHist.inputRecords[0].fields[21].name": "ADDRESS1_FOREIGNDOMESTICCODE",
    "alertedParty.inputRecordHist.inputRecords[0].fields[21].isScreenable": "true",
    "alertedParty.inputRecordHist.inputRecords[0].fields[21].value": "DOMESTIC",
    "alertedParty.inputRecordHist.inputRecords[0].fields[21].sortOrder": "22",
    "alertedParty.inputRecordHist.inputRecords[0].status": "A",
    "alertedParty.inputRecordHist.inputRecords[0].masterId": "72951854",
    "alertedParty.inputRecordHist.inputRecords[0].versionId": "122438658",
    "alertedParty.inputRecordHist.inputRecords[0].uniqueCustId": "R_US_Active_Address_A05003324172_2020-01-07-07.06.28.836480",
    "alertedParty.supplementalInfo.alertId": "SANC-ASM-6434404",
    "alertedParty.supplementalInfo.uniqueCustId": "R_US_Active_Address_A00170086018_2018-08-28-18.45.50.012201",
    "alertedParty.supplementalInfo.busDate": "20211127",
    "alertedParty.supplementalInfo.datasetName": "R_US_Active_Address",
    "alertedParty.supplementalInfo.relatedParties.party[0].id": "0002712291",
    "alertedParty.supplementalInfo.relatedParties.party[0].fields.taxId": "154421273",
    "alertedParty.supplementalInfo.relatedParties.party[0].fields.taxIdType": "SSN",
    "alertedParty.supplementalInfo.relatedParties.party[0].fields.partyResidenceCountry": "United States",
    "alertedParty.supplementalInfo.relatedParties.party[0].fields.partyName": "Pladimir Vutin",
    "alertedParty.supplementalInfo.relatedParties.party[0].fields.partyLastName": "Vutin",
    "alertedParty.supplementalInfo.relatedParties.party[0].fields.partyType": "Individual",
    "alertedParty.supplementalInfo.relatedParties.party[0].fields.countryOfIncorporation": null,
    "alertedParty.supplementalInfo.relatedParties.party[0].fields.dobDate": "02/31/1900",
    "alertedParty.supplementalInfo.relatedParties.party[0].fields.partyPrimaryCitizenshipCountry": "United States",
    "alertedParty.supplementalInfo.relatedParties.party[0].fields.partyCountryOfBirth": null,
    "alertedParty.supplementalInfo.relatedParties.party[0].fields.partyFirstName": "Pladimir",
    "alertedParty.supplementalInfo.relatedParties.party[0].fields.partyMiddleName": null,
    "alertedParty.supplementalInfo.relatedParties.party[0].fields.partyId": "0002712291",
    "alertedParty.supplementalInfo.relatedParties.party[1].id": "0004727489",
    "alertedParty.supplementalInfo.relatedParties.party[1].fields.taxId": "022368917",
    "alertedParty.supplementalInfo.relatedParties.party[1].fields.taxIdType": "SSN",
    "alertedParty.supplementalInfo.relatedParties.party[1].fields.partyResidenceCountry": "United States",
    "alertedParty.supplementalInfo.relatedParties.party[1].fields.partyName": "Eva Pladimirova",
    "alertedParty.supplementalInfo.relatedParties.party[1].fields.partyLastName": "Pladimirova",
    "alertedParty.supplementalInfo.relatedParties.party[1].fields.partyType": "Individual",
    "alertedParty.supplementalInfo.relatedParties.party[1].fields.countryOfIncorporation": null,
    "alertedParty.supplementalInfo.relatedParties.party[1].fields.dobDate": "04/31/1910",
    "alertedParty.supplementalInfo.relatedParties.party[1].fields.partyPrimaryCitizenshipCountry": "United States",
    "alertedParty.supplementalInfo.relatedParties.party[1].fields.partyCountryOfBirth": null,
    "alertedParty.supplementalInfo.relatedParties.party[1].fields.partyFirstName": "Eva",
    "alertedParty.supplementalInfo.relatedParties.party[1].fields.partyMiddleName": null,
    "alertedParty.supplementalInfo.relatedParties.party[1].fields.partyId": "0004727489",
    "alertedParty.supplementalInfo.relatedAccounts.accounts[0].id": "2021-01-29-13.44.57.093694",
    "alertedParty.supplementalInfo.relatedAccounts.accounts[0].fields.branchAccountNumber": "234_142529",
    "alertedParty.supplementalInfo.relatedAccounts.accounts[0].fields.lastName": "Vutin",
    "alertedParty.supplementalInfo.relatedAccounts.accounts[0].fields.srcSystemAccountKey": "2021-01-29-13.44.57.093694",
    "alertedParty.supplementalInfo.relatedAccounts.accounts[0].fields.firstName": "Pladimir",
    "alertedParty.supplementalInfo.relatedAccounts.accounts[0].fields.beneficiaryName": "Pladimir Vutin",
    "alertedParty.supplementalInfo.relatedAccounts.accounts[1].id": "2021-01-29-13.44.57.093694",
    "alertedParty.supplementalInfo.relatedAccounts.accounts[1].fields.branchAccountNumber": "234_142529",
    "alertedParty.supplementalInfo.relatedAccounts.accounts[1].fields.lastName": "Pladimirova",
    "alertedParty.supplementalInfo.relatedAccounts.accounts[1].fields.srcSystemAccountKey": "2021-01-29-13.44.57.093694",
    "alertedParty.supplementalInfo.relatedAccounts.accounts[1].fields.firstName": "Eva",
    "alertedParty.supplementalInfo.relatedAccounts.accounts[1].fields.beneficiaryName": "Eva Pladimirova",
    "alertedParty.inputRecordHist.inputRecords[1].version": "412740c151535f0756e8dbec7440b726c7a3e135",
    "alertedParty.inputRecordHist.inputRecords[1].createdDate": "01/08/20",
    "alertedParty.inputRecordHist.inputRecords[1].fields[0].name": "SOURCE_REF",
    "alertedParty.inputRecordHist.inputRecords[1].fields[0].isScreenable": "false",
    "alertedParty.inputRecordHist.inputRecords[1].fields[0].value": "R_US_Active_Address_A05003324172_2020-01-07-07.06.28.836480",
    "alertedParty.inputRecordHist.inputRecords[1].fields[0].sortOrder": "1",
    "alertedParty.inputRecordHist.inputRecords[1].fields[1].name": "UNIQUE_KEY",
    "alertedParty.inputRecordHist.inputRecords[1].fields[1].isScreenable": "false",
    "alertedParty.inputRecordHist.inputRecords[1].fields[1].value": "A05003324172",
    "alertedParty.inputRecordHist.inputRecords[1].fields[1].sortOrder": "2",
    "alertedParty.inputRecordHist.inputRecords[1].fields[2].name": "BARCODE",
    "alertedParty.inputRecordHist.inputRecords[1].fields[2].isScreenable": "false",
    "alertedParty.inputRecordHist.inputRecords[1].fields[2].sortOrder": "3",
    "alertedParty.inputRecordHist.inputRecords[1].fields[3].name": "ADDRESS_TYPE",
    "alertedParty.inputRecordHist.inputRecords[1].fields[3].isScreenable": "false",
    "alertedParty.inputRecordHist.inputRecords[1].fields[3].value": "Plating Address",
    "alertedParty.inputRecordHist.inputRecords[1].fields[3].sortOrder": "4",
    "alertedParty.inputRecordHist.inputRecords[1].fields[4].name": "CARE_OF_TEXT",
    "alertedParty.inputRecordHist.inputRecords[1].fields[4].isScreenable": "true",
    "alertedParty.inputRecordHist.inputRecords[1].fields[4].sortOrder": "5",
    "alertedParty.inputRecordHist.inputRecords[1].fields[5].name": "ATTENTION_TO_TEXT",
    "alertedParty.inputRecordHist.inputRecords[1].fields[5].isScreenable": "true",
    "alertedParty.inputRecordHist.inputRecords[1].fields[5].sortOrder": "6",
    "alertedParty.inputRecordHist.inputRecords[1].fields[6].name": "ADDRESS1_LINE1",
    "alertedParty.inputRecordHist.inputRecords[1].fields[6].isScreenable": "false",
    "alertedParty.inputRecordHist.inputRecords[1].fields[6].value": "Joe Black &",
    "alertedParty.inputRecordHist.inputRecords[1].fields[6].sortOrder": "7",
    "alertedParty.inputRecordHist.inputRecords[1].fields[7].name": "ADDRESS1_LINE2",
    "alertedParty.inputRecordHist.inputRecords[1].fields[7].isScreenable": "false",
    "alertedParty.inputRecordHist.inputRecords[1].fields[7].value": "Jane Doe AA BBB",
    "alertedParty.inputRecordHist.inputRecords[1].fields[7].sortOrder": "8",
    "alertedParty.inputRecordHist.inputRecords[1].fields[8].name": "ADDRESS1_LINE3",
    "alertedParty.inputRecordHist.inputRecords[1].fields[8].isScreenable": "false",
    "alertedParty.inputRecordHist.inputRecords[1].fields[8].value": "111 A 11TH ST AAA 1A",
    "alertedParty.inputRecordHist.inputRecords[1].fields[8].sortOrder": "9",
    "alertedParty.inputRecordHist.inputRecords[1].fields[9].name": "ADDRESS1_LINE4",
    "alertedParty.inputRecordHist.inputRecords[1].fields[9].isScreenable": "false",
    "alertedParty.inputRecordHist.inputRecords[1].fields[9].value": "New Jersey NJ 10011",
    "alertedParty.inputRecordHist.inputRecords[1].fields[9].sortOrder": "10",
    "alertedParty.inputRecordHist.inputRecords[1].fields[10].name": "ADDRESS1_LINE5",
    "alertedParty.inputRecordHist.inputRecords[1].fields[10].isScreenable": "false",
    "alertedParty.inputRecordHist.inputRecords[1].fields[10].sortOrder": "11",
    "alertedParty.inputRecordHist.inputRecords[1].fields[11].name": "ADDRESS1_LINE6",
    "alertedParty.inputRecordHist.inputRecords[1].fields[11].isScreenable": "false",
    "alertedParty.inputRecordHist.inputRecords[1].fields[11].sortOrder": "12",
    "alertedParty.inputRecordHist.inputRecords[1].fields[12].name": "CONCAT_ADDRESS",
    "alertedParty.inputRecordHist.inputRecords[1].fields[12].isScreenable": "true",
    "alertedParty.inputRecordHist.inputRecords[1].fields[12].value": "Joe Black & Jane Doe 111 A 11TH ST AAA 1A New Jersey NJ",
    "alertedParty.inputRecordHist.inputRecords[1].fields[12].sortOrder": "13",
    "alertedParty.inputRecordHist.inputRecords[1].fields[13].name": "ADDRESS1_CITY",
    "alertedParty.inputRecordHist.inputRecords[1].fields[13].isScreenable": "true",
    "alertedParty.inputRecordHist.inputRecords[1].fields[13].sortOrder": "14",
    "alertedParty.inputRecordHist.inputRecords[1].fields[14].name": "ADDRESS1_STATE",
    "alertedParty.inputRecordHist.inputRecords[1].fields[14].isScreenable": "true",
    "alertedParty.inputRecordHist.inputRecords[1].fields[14].sortOrder": "15",
    "alertedParty.inputRecordHist.inputRecords[1].fields[15].name": "ADDRESS1_PROVINCE",
    "alertedParty.inputRecordHist.inputRecords[1].fields[15].isScreenable": "true",
    "alertedParty.inputRecordHist.inputRecords[1].fields[15].sortOrder": "16",
    "alertedParty.inputRecordHist.inputRecords[1].fields[16].name": "ADDRESS1_POSTALCODE",
    "alertedParty.inputRecordHist.inputRecords[1].fields[16].isScreenable": "true",
    "alertedParty.inputRecordHist.inputRecords[1].fields[16].sortOrder": "17",
    "alertedParty.inputRecordHist.inputRecords[1].fields[17].name": "ADDRESS1_ZIP5",
    "alertedParty.inputRecordHist.inputRecords[1].fields[17].isScreenable": "true",
    "alertedParty.inputRecordHist.inputRecords[1].fields[17].sortOrder": "18",
    "alertedParty.inputRecordHist.inputRecords[1].fields[18].name": "ADDRESS1_ZIP4",
    "alertedParty.inputRecordHist.inputRecords[1].fields[18].isScreenable": "true",
    "alertedParty.inputRecordHist.inputRecords[1].fields[18].sortOrder": "19",
    "alertedParty.inputRecordHist.inputRecords[1].fields[19].name": "ADDRESS1_COUNTRY",
    "alertedParty.inputRecordHist.inputRecords[1].fields[19].isScreenable": "true",
    "alertedParty.inputRecordHist.inputRecords[1].fields[19].value": "UNITED STATES OF AMERICA",
    "alertedParty.inputRecordHist.inputRecords[1].fields[19].sortOrder": "20",
    "alertedParty.inputRecordHist.inputRecords[1].fields[20].name": "ADDRESS1_COUNTRYCODE",
    "alertedParty.inputRecordHist.inputRecords[1].fields[20].isScreenable": "true",
    "alertedParty.inputRecordHist.inputRecords[1].fields[20].value": "USA",
    "alertedParty.inputRecordHist.inputRecords[1].fields[20].sortOrder": "21",
    "alertedParty.inputRecordHist.inputRecords[1].fields[21].name": "ADDRESS1_FOREIGNDOMESTICCODE",
    "alertedParty.inputRecordHist.inputRecords[1].fields[21].isScreenable": "true",
    "alertedParty.inputRecordHist.inputRecords[1].fields[21].value": "DOMESTIC",
    "alertedParty.inputRecordHist.inputRecords[1].fields[21].sortOrder": "22",
    "alertedParty.inputRecordHist.inputRecords[1].status": "A",
    "alertedParty.inputRecordHist.inputRecords[1].masterId": "72951854",
    "alertedParty.inputRecordHist.inputRecords[1].versionId": "122438659",
    "alertedParty.inputRecordHist.inputRecords[1].uniqueCustId": "R_US_Active_Address_A05003324172_2020-01-07-07.06.28.836480",
    "watchlistParty.matchRecords[0].masterId": "72951854",
    "watchlistParty.matchRecords[0].accountSeq": "1",
    "watchlistParty.matchRecords[0].datasetId": "1044",
    "watchlistParty.matchRecords[0].uniqueCustomerId": "R_US_Active_Address_A05003324172_2020-01-07-07.06.28.836480",
    "watchlistParty.matchRecords[0].masterVersion": "412740c151535f0756e8dbec7440b726c7a3e135",
    "watchlistParty.matchRecords[0].matchId": "49159509",
    "watchlistParty.matchRecords[0].matchStatus": "O",
    "watchlistParty.matchRecords[0].riskScore": "-1.0",
    "watchlistParty.matchRecords[0].inputVersionId": "122438658",
    "watchlistParty.matchRecords[0].matchType": "GWL",
    "watchlistParty.matchRecords[0].entityId": "908043",
    "watchlistParty.matchRecords[0].entityVersion": "20150505194929",
    "watchlistParty.matchRecords[0].entity.id": "908049",
    "watchlistParty.matchRecords[0].entity.version": "20150505194929",
    "watchlistParty.matchRecords[0].entity.name": "Joe Ding",
    "watchlistParty.matchRecords[0].entity.listId": "15991",
    "watchlistParty.matchRecords[0].entity.listCode": "-1003",
    "watchlistParty.matchRecords[0].entity.entityType": "03",
    "watchlistParty.matchRecords[0].entity.createdDate": "10/16/2018",
    "watchlistParty.matchRecords[0].entity.lastUpdateDate": "04/19/2019",
    "watchlistParty.matchRecords[0].entity.source": "CON",
    "watchlistParty.matchRecords[0].entity.dobs[0].dob": "MAY 6, 1981",
    "watchlistParty.matchRecords[0].entity.ids": null,
    "watchlistParty.matchRecords[0].entity.programs[0].type": "MSSBGWM",
    "watchlistParty.matchRecords[0].entity.sdfs.sdf[0]": "N/A",
    "watchlistParty.matchRecords[0].entity.sdfs.sdf[1]": "N/A",
    "watchlistParty.matchRecords[0].entity.sdfs.sdf[2]": "N/A",
    "watchlistParty.matchRecords[0].entity.sdfs.sdf[3]": "N/A",
    "watchlistParty.matchRecords[0].entity.sdfs.sdf[4]": "N/A",
    "watchlistParty.matchRecords[0].entity.sdfs.sdf[5]": "PLEASE CALL AML HOT LINE AT 212 762 8000 AND REF CI-079385",
    "watchlistParty.matchRecords[0].entity.sdfs.sdf[6]": "05/05/2015 19:49:26",
    "watchlistParty.matchRecords[0].entity.addresses[0].address1": "111 STREET 999",
    "watchlistParty.matchRecords[0].entity.addresses[0].city": "ATLANTA",
    "watchlistParty.matchRecords[0].entity.addresses[0].postalCode": "11111",
    "watchlistParty.matchRecords[0].entity.addresses[0].address2": "FL;US",
    "watchlistParty.matchRecords[0].entity.addresses[0].country": "US",
    "watchlistParty.matchRecords[0].entity.addresses[0].countryName": "United States of America",
    "watchlistParty.matchRecords[0].entityType": "03",
    "watchlistParty.matchRecords[0].entityTextType": "UPID",
    "watchlistParty.matchRecords[0].sourceCode": "CON",
    "watchlistParty.matchRecords[0].stopDescriptors[0].name": "Joe Doe",
    "watchlistParty.matchRecords[0].stopDescriptors[0].totalMatchScore": "0.9230769230769231",
    "watchlistParty.matchRecords[0].stopDescriptors[0].stopDescriptorDetails[0].inputToken": "Doe",
    "watchlistParty.matchRecords[0].stopDescriptors[0].stopDescriptorDetails[0].inputSynonym": "null",
    "watchlistParty.matchRecords[0].stopDescriptors[0].stopDescriptorDetails[0].sdToken": "Doe",
    "watchlistParty.matchRecords[0].stopDescriptors[0].stopDescriptorDetails[0].matchScore": "0.8571428571428572",
    "watchlistParty.matchRecords[0].firstMatchedDate": "01/08/20",
    "watchlistParty.matchRecords[0].lastMatchedDate": "01/08/20",
    "watchlistParty.matchRecords[0].lastReviewDate": "01/08/20",
    "watchlistParty.matchRecords[1].masterId": "72951854",
    "watchlistParty.matchRecords[1].accountSeq": "1",
    "watchlistParty.matchRecords[1].datasetId": "1044",
    "watchlistParty.matchRecords[1].uniqueCustomerId": "R_US_Active_Address_A05003324172_2020-01-07-07.06.28.836480",
    "watchlistParty.matchRecords[1].masterVersion": "412740c151535f0756e8dbec7440b726c7a3e135",
    "watchlistParty.matchRecords[1].matchId": "49159506",
    "watchlistParty.matchRecords[1].matchStatus": "O",
    "watchlistParty.matchRecords[1].riskScore": "-1.0",
    "watchlistParty.matchRecords[1].inputVersionId": "122438659",
    "watchlistParty.matchRecords[1].matchType": "GWL",
    "watchlistParty.matchRecords[1].entityId": "908044",
    "watchlistParty.matchRecords[1].entityVersion": "20150505194923",
    "watchlistParty.matchRecords[1].entity.id": "908044",
    "watchlistParty.matchRecords[1].entity.version": "20150505194923",
    "watchlistParty.matchRecords[1].entity.name": "Joe Dong",
    "watchlistParty.matchRecords[1].entity.listId": "15991",
    "watchlistParty.matchRecords[1].entity.listCode": "-1003",
    "watchlistParty.matchRecords[1].entity.entityType": "03",
    "watchlistParty.matchRecords[1].entity.createdDate": "10/16/2018",
    "watchlistParty.matchRecords[1].entity.lastUpdateDate": "04/19/2019",
    "watchlistParty.matchRecords[1].entity.source": "CON",
    "watchlistParty.matchRecords[1].entity.dobs[0].dob": "MAY 6, 1981",
    "watchlistParty.matchRecords[1].entity.ids": null,
    "watchlistParty.matchRecords[1].entity.programs.program.type": "MSSBGWM",
    "watchlistParty.matchRecords[1].entity.sdfs.sdf[0]": "N/A",
    "watchlistParty.matchRecords[1].entity.sdfs.sdf[1]": "N/A",
    "watchlistParty.matchRecords[1].entity.sdfs.sdf[2]": "N/A",
    "watchlistParty.matchRecords[1].entity.sdfs.sdf[3]": "N/A",
    "watchlistParty.matchRecords[1].entity.sdfs.sdf[4]": "N/A",
    "watchlistParty.matchRecords[1].entity.sdfs.sdf[5]": "PLEASE CALL AML HOT LINE AT 212 762 8000 AND REF CI-079385",
    "watchlistParty.matchRecords[1].entity.sdfs.sdf[6]": "05/05/2015 19:49:26",
    "watchlistParty.matchRecords[1].entity.addresses.address.address1": "111 STREET 999",
    "watchlistParty.matchRecords[1].entity.addresses.address.city": "ATLANTA",
    "watchlistParty.matchRecords[1].entity.addresses.address.postalCode": "11111",
    "watchlistParty.matchRecords[1].entity.addresses.address.address2": "FL;US",
    "watchlistParty.matchRecords[1].entity.addresses.address.country": "PL",
    "watchlistParty.matchRecords[1].entity.addresses.address.countryName": "Poland",
    "watchlistParty.matchRecords[1].entityType": "03",
    "watchlistParty.matchRecords[1].entityTextType": "UPID",
    "watchlistParty.matchRecords[1].sourceCode": "CON",
    "watchlistParty.matchRecords[1].stopDescriptors[0].name": "Joe Doe",
    "watchlistParty.matchRecords[1].stopDescriptors[0].totalMatchScore": "0.9230769230769231",
    "watchlistParty.matchRecords[1].stopDescriptors[0].stopDescriptorDetails[0].inputToken": "Doe",
    "watchlistParty.matchRecords[1].stopDescriptors[0].stopDescriptorDetails[0].inputSynonym": "null",
    "watchlistParty.matchRecords[1].stopDescriptors[0].stopDescriptorDetails[0].sdToken": "Doe",
    "watchlistParty.matchRecords[1].stopDescriptors[0].stopDescriptorDetails[0].matchScore": "0.8571428571428572",
    "watchlistParty.matchRecords[1].firstMatchedDate": "01/08/20",
    "watchlistParty.matchRecords[1].lastMatchedDate": "01/08/20",
    "watchlistParty.matchRecords[1].lastReviewDate": "01/08/20"
}