{
  "Header": null,
  "Body": {
    "msg_SendMessage": {
      "VersionTag": "1",
      "Authentication": {
        "UserLogin": "CMAPI_LOGIN",
        "UserPassword": "abc",
        "UserRealm": ""
      },
      "Messages": [
        {
          "Message": {
            "Hits": [
              {
                "Hit": {
                  "Tag": "ORIGINATOR",
                  "Score": "0.0",
                  "Blocking": true,
                  "Positions": [
                    {
                      "Position": {
                        "PositionEnd": "360",
                        "PositionStart": "357"
                      }
                    },
                    {
                      "Position": {
                        "PositionEnd": "360",
                        "PositionStart": "357"
                      }
                    }
                  ],
                  "EntityText": "CUBA",
                  "HittedEntity": {
                    "ID": "AS00010013",
                    "Type": "O",
                    "Codes": [],
                    "Names": [
                      {
                        "Name": "*"
                      },
                      {
                        "Name": "*"
                      },
                      {
                        "Name": "*"
                      }
                    ],
                    "Origin": "US_OFAC_ENH_LCTN",
                    "HideIDs": [],
                    "Keywords": [
                      {
                        "Keyword": "OS:OFAC"
                      }
                    ],
                    "Addresses": [
                      {
                        "Address": {
                          "Cities": [
                            {
                              "City": "*"
                            },
                            {
                              "City": "*"
                            },
                            {
                              "City": "*"
                            }
                          ],
                          "IsMain": "1",
                          "States": [],
                          "Countries": [
                            {
                              "Country": "CUBA"
                            },
                            {
                              "Country": "CUBA"
                            },
                            {
                              "Country": "CUBANA"
                            },
                            {
                              "Country": "KUBA"
                            },
                            {
                              "Country": "REPUBLIC OF CUBA"
                            },
                            {
                              "Country": "REPUBLICA DE CUBA"
                            },
                            {
                              "Country": "CUBA"
                            },
                            {
                              "Country": "CUBA"
                            },
                            {
                              "Country": "CUBANA"
                            },
                            {
                              "Country": "KUBA"
                            },
                            {
                              "Country": "REPUBLIC OF CUBA"
                            },
                            {
                              "Country": "REPUBLICA DE CUBA"
                            },
                            {
                              "Country": "CUBA"
                            },
                            {
                              "Country": "CUBA"
                            },
                            {
                              "Country": "CUBANA"
                            },
                            {
                              "Country": "KUBA"
                            },
                            {
                              "Country": "REPUBLIC OF CUBA"
                            },
                            {
                              "Country": "REPUBLICA DE CUBA"
                            }
                          ],
                          "PostalAddress": ""
                        }
                      }
                    ],
                    "HideUnits": [],
                    "UserData1": "",
                    "UserData2": "",
                    "HideInTags": [],
                    "Hyperlinks": [
                      {
                        "Hyperlink": "none"
                      }
                    ],
                    "Designation": "CUBA",
                    "HideOnlyIDs": [
                      {
                        "HideOnlyID": ""
                      }
                    ],
                    "HideOrigins": [],
                    "IsException": "0",
                    "Nationality": "",
                    "DatesOfBirth": [],
                    "PlacesOfBirth": [],
                    "AdditionalInfo": "74 main cities:\u0002ANTILLA, ARROYO NARANJO, ARTEMISA, \u0002BANES, BARACOA, BAYAMO, BOLONDRON, \u0002CAIBARIEN, CAMAGUEY, CARDENAS, CAYO LARGO, \u0002CIEGO DE AVILA, CIENFUEGOS, DIEZ DE OCTUBRE, GRANMA, \u0002GUAIMARO, GUANABO, GUANTANAMO, HABANA, \u0002HABANAS, HAVANA, HAVANNA, HOLGUIN, \u0002ISLE OF YOUTH, JIBACOA, L AVANA, LA HABANA, \u0002LA HAVANE, LAS TUNAS, LAVANA, MAISI, \u0002MANICARAGUA, MANZANILLO, MARIEL, MATANZAS, \u0002MAYABEQUE, MAYARI, NIQUERO, NUEVA GERONA, \u0002NUEVITAS, NUEVO VEDADO, PALMA SORIANO, PINAR DEL RIO, \u0002SAGUA LA GRANDE, SANCTI SPIRITUS, SANTA CLARA, SANTA CRUZ DEL SUR, \u0002SANTIAGO DE CUBA, TANAMO, VARADERO, VILLA CLARA, \u0002VINALES, YAGUAJAY, ΑΒΑΝΑ, ГАВАНА, \u0002هافانا, ハバナ, 哈瓦那, VERTIENTES, \u0002SAN JOSE DE LAS LAJAS, SAN ANTONIO DE LOS BANOS, PLACETAS, NICARO LEVISA, \u0002JOVELLANOS, JIGUANI, JATIBONICO, JAGUEY, \u0002GUINES, GUANAJAY, CONSOLACION DEL SUR, CAMAJUANI, \u0002CABAIGUAN, BAUTA, AMANCIO\u0002\u0002List ID: 1072 / Create Date: 11/13/1997 00:00:00 / Last Update Date: 09/24/2015 18:10:23 / Program: CUBA / OtherInformation: XLOC. OFAC maintains a sanctions program for Cuba. Please refer to the OFAC website for detailed information: http://www.treasury.gov/resource-center/sanctions/Programs/Pages/cuba.aspx",
                    "OfficialReferences": [
                      {
                        "OfficialReference": {
                          "Name": "2011-11-30 12:06:11 RBL"
                        }
                      }
                    ],
                    "HideSenderReceivers": []
                  },
                  "MatchingText": "CUBA, CUBA",
                  "RulesContext": {
                    "Info": "none",
                    "Type": "1",
                    "Priority": "0",
                    "Confidentiality": "0"
                  },
                  "SolutionType": "6",
                  "SynonymIndex": "-1"
                }
              },
              {
                "Hit": {
                  "Tag": "ADDENDAINF",
                  "Score": "0.0",
                  "Blocking": true,
                  "Positions": [
                    {
                      "Position": {
                        "PositionEnd": "821",
                        "PositionStart": "818"
                      }
                    },
                    {
                      "Position": {
                        "PositionEnd": "821",
                        "PositionStart": "818"
                      }
                    }
                  ],
                  "EntityText": "CUBA",
                  "HittedEntity": {
                    "ID": "AS00010013",
                    "Type": "O",
                    "Codes": [],
                    "Names": [
                      {
                        "Name": "*"
                      },
                      {
                        "Name": "*"
                      },
                      {
                        "Name": "*"
                      }
                    ],
                    "Origin": "US_OFAC_ENH_LCTN",
                    "HideIDs": [],
                    "Keywords": [
                      {
                        "Keyword": "OS:OFAC"
                      }
                    ],
                    "Addresses": [
                      {
                        "Address": {
                          "Cities": [
                            {
                              "City": "*"
                            },
                            {
                              "City": "*"
                            },
                            {
                              "City": "*"
                            }
                          ],
                          "IsMain": "1",
                          "States": [],
                          "Countries": [
                            {
                              "Country": "CUBA"
                            },
                            {
                              "Country": "CUBA"
                            },
                            {
                              "Country": "CUBANA"
                            },
                            {
                              "Country": "KUBA"
                            },
                            {
                              "Country": "REPUBLIC OF CUBA"
                            },
                            {
                              "Country": "REPUBLICA DE CUBA"
                            },
                            {
                              "Country": "CUBA"
                            },
                            {
                              "Country": "CUBA"
                            },
                            {
                              "Country": "CUBANA"
                            },
                            {
                              "Country": "KUBA"
                            },
                            {
                              "Country": "REPUBLIC OF CUBA"
                            },
                            {
                              "Country": "REPUBLICA DE CUBA"
                            },
                            {
                              "Country": "CUBA"
                            },
                            {
                              "Country": "CUBA"
                            },
                            {
                              "Country": "CUBANA"
                            },
                            {
                              "Country": "KUBA"
                            },
                            {
                              "Country": "REPUBLIC OF CUBA"
                            },
                            {
                              "Country": "REPUBLICA DE CUBA"
                            }
                          ],
                          "PostalAddress": ""
                        }
                      }
                    ],
                    "HideUnits": [],
                    "UserData1": "",
                    "UserData2": "",
                    "HideInTags": [],
                    "Hyperlinks": [
                      {
                        "Hyperlink": "none"
                      }
                    ],
                    "Designation": "CUBA",
                    "HideOnlyIDs": [
                      {
                        "HideOnlyID": ""
                      }
                    ],
                    "HideOrigins": [],
                    "IsException": "0",
                    "Nationality": "",
                    "DatesOfBirth": [],
                    "PlacesOfBirth": [],
                    "AdditionalInfo": "74 main cities:\u0002ANTILLA, ARROYO NARANJO, ARTEMISA, \u0002BANES, BARACOA, BAYAMO, BOLONDRON, \u0002CAIBARIEN, CAMAGUEY, CARDENAS, CAYO LARGO, \u0002CIEGO DE AVILA, CIENFUEGOS, DIEZ DE OCTUBRE, GRANMA, \u0002GUAIMARO, GUANABO, GUANTANAMO, HABANA, \u0002HABANAS, HAVANA, HAVANNA, HOLGUIN, \u0002ISLE OF YOUTH, JIBACOA, L AVANA, LA HABANA, \u0002LA HAVANE, LAS TUNAS, LAVANA, MAISI, \u0002MANICARAGUA, MANZANILLO, MARIEL, MATANZAS, \u0002MAYABEQUE, MAYARI, NIQUERO, NUEVA GERONA, \u0002NUEVITAS, NUEVO VEDADO, PALMA SORIANO, PINAR DEL RIO, \u0002SAGUA LA GRANDE, SANCTI SPIRITUS, SANTA CLARA, SANTA CRUZ DEL SUR, \u0002SANTIAGO DE CUBA, TANAMO, VARADERO, VILLA CLARA, \u0002VINALES, YAGUAJAY, ΑΒΑΝΑ, ГАВАНА, \u0002هافانا, ハバナ, 哈瓦那, VERTIENTES, \u0002SAN JOSE DE LAS LAJAS, SAN ANTONIO DE LOS BANOS, PLACETAS, NICARO LEVISA, \u0002JOVELLANOS, JIGUANI, JATIBONICO, JAGUEY, \u0002GUINES, GUANAJAY, CONSOLACION DEL SUR, CAMAJUANI, \u0002CABAIGUAN, BAUTA, AMANCIO\u0002\u0002List ID: 1072 / Create Date: 11/13/1997 00:00:00 / Last Update Date: 09/24/2015 18:10:23 / Program: CUBA / OtherInformation: XLOC. OFAC maintains a sanctions program for Cuba. Please refer to the OFAC website for detailed information: http://www.treasury.gov/resource-center/sanctions/Programs/Pages/cuba.aspx",
                    "OfficialReferences": [
                      {
                        "OfficialReference": {
                          "Name": "2011-11-30 12:06:11 RBL"
                        }
                      }
                    ],
                    "HideSenderReceivers": []
                  },
                  "MatchingText": "CUBA, CUBA",
                  "RulesContext": {
                    "Info": "none",
                    "Type": "1",
                    "Priority": "0",
                    "Confidentiality": "0"
                  },
                  "SolutionType": "6",
                  "SynonymIndex": "-1"
                }
              }
            ],
            "Unit": "US",
            "Amount": "200",
            "Bypass": "0",
            "Actions": [
              {
                "Action": {
                  "Status": {
                    "ID": "0",
                    "Name": "FILTER",
                    "Checksum": "c4b4872d17cf6fa4f27f06e3b5d93c78",
                    "RoutingCode": "0"
                  },
                  "Comment": "Stop: 2, Nonblocking: 0",
                  "DateTime": "20220309234738",
                  "Operator": "Filter Engine"
                }
              },
              {
                "Action": {
                  "Status": {
                    "ID": "-2",
                    "Name": "NO HIT",
                    "Checksum": "1080a07f679004254edcc4854e8f66a7",
                    "RoutingCode": "-2"
                  },
                  "Comment": "Stop: 2, Nonblocking: 0",
                  "DateTime": "20220309234739",
                  "Operator": "Stripping Engine"
                }
              },
              {
                "Action": {
                  "Status": {
                    "ID": "223",
                    "Name": "FILTER_S8",
                    "Checksum": "6a905528e3b9126041bbfe8f59cfe07b",
                    "RoutingCode": "12"
                  },
                  "Comment": "Auto decision",
                  "DateTime": "20220309234740",
                  "Operator": "DBCLient"
                }
              }
            ],
            "Command": "1",
            "Blocking": "2",
            "Currency": "USD",
            "Priority": "0",
            "SystemID": "DIN20220309234735-00001-16042",
            "MessageID": "D94B208E-EC85-2D1E-E053-1A186C0ABEEA",
            "ValueDate": "2022/03/10",
            "CutoffTime": "",
            "SenderCode": "121140399",
            "CopyService": "",
            "CreatedDate": "2022/03/09 23:47:35",
            "IOIndicator": "O",
            "LastComment": "Suspect(s) detected by OFAC-Agent",
            "MessageData": "[FIRCOSOFT     X] SVB BE MUX FILTER\n[APPLI         X] GFX\n[UNIT          X] US\n[REFERENCE     X] QA-20220310111724147\n[TYPE          X] FED 10300 O\n[VALUEDATE      ] 2022/03/10\n[PURPOSE        ] Purpose of Wire\n[AMOUNT         ] USD 200\n[INSPMTAMT      ] GBP 31.4500\n[SENDER         ] 121140399\n[ORIGINATOR     ] Testing Dec ReApp\nTesting Dec ReApp\nTesting CUBA ReApp\n[DBTACCOFF      ] 001\n[DBTACCTYP      ] DDA\n[DBTACCNUM      ] 3301479924\n[RECEIVER       ] CERTAIN\n[BENE           ] Testing\n[TRANCD         ] STAND\n[CHARGESCD      ] BEN\n[ASOFDATE      X] 20180813\n[ASOFRSN        ] CB\n[CRDACCOFF      ] 001\n[CRDACCTYP     X] DDA\n[CRDACCNUM      ] 987654321\n[DBTPTYFEE     X] 123.01\n[CRDPTYFEE     X] 123.02\n[FEDPMTNOT      ] FedPmtNotifyIn\n[FEDPMTDET      ] Nm\nPhneNb\nMobNb\nFaxNb\nOther\n[ADDENDAINF     ] &lt;NARR&gt;CUBA N1*PR*INTCOMEX INC*ZZ*NOT AVAILABLE~N1*PE*EXXXXXX Networks*ZZ*33000XXXXX~RMR*IV*NONE*NS*0.00*0.00*0.00~REF*VV*NOT AVAILABLE*NOT AVAILABLE~DTM*003*20210127~ADX*0.00*00*TD*NOT AVAILABLE~N1*PR*INTCOMEX INC*ZZ*NOT AVAILABLE~N1*PE*EXXXXXX Networks*ZZ*33000XXXXX~RMR*IV*NONE*NS*0.00*0.00*0.00~REF*VV*NOT AVAILABLE*NOT AVAILABLE~DTM*003*20210127~ADX*0.00*00*TD*NOT AVAILABLE~N1*PR*INTCOMEX INC*ZZ*NOT AVAILABLE~N1*PE*EXXXXXX Networks*ZZ*33000XXXXX~RMR*IV*NONE*NS*0.00*0.00*0.00~REF*VV*NOT AVAILABLE*NOT AVAILABLE~DTM*003*20210127~ADX*0.00*00*TD*NOT AVAILABLE~N1*PR*INTCOMEX INC*ZZ*NOT AVAILABLE~N1*PE*EXXXXXX Networks*ZZ*33000XXXXX~RMR*IV*NONE*NS*0.00*0.00*0.00~REF*VV*NOT AVAILABLE*NOT AVAILABLE~DTM*003*20210127~ADX*0.00*00*TD*NOT AVAILABLE~N1*PR*INTCOMEX INC*ZZ*NOT AVAILABLE~N1*PE*EXXXXXX Networks*ZZ*33000XXXXX~RMR*IV*NONE*NS*0.00*0.00*0.00~REF*VV*NOT AVAILABLE*NOT AVAILABLE~DTM*003*20210127~ADX*0.00*00*TD*NOT AVAILABLE~N1*PR*INTCOMEX INC*ZZ*NOT AVAILABLE~N1*PE*EXXXXXX Networks*ZZ*33000XXXXX~RMR*IV*NONE*NS*0.00*0.00*0.00~REF*VV*NOT AVAILABLE*NOT AVAILABLE~DTM*003*20210127~ADX*0.00*00*TD*NOT AVAILABLE~N1*PR*INTCOMEX INC*ZZ*NOT AVAILABLE~N1*PE*EXXXXXX Networks*ZZ*33000XXXXX~RMR*IV*NONE*NS*0.00*0.00*0.00~REF*VV*NOT AVAILABLE*NOT AVAILABLE~DTM*003*20210127~ADX*0.00*00*TD*NOT AVAILABLE~N1*PR*INTCOMEX INC*ZZ*NOT AVAILABLE~N1*PE*EXXXXXX Networks*ZZ*33000XXXXX~RMR*IV*NONE*NS*0.00*0.00*0.00~REF*VV*NOT AVAILABLE*NOT AVAILABLE~DTM*003*20210127~ADX*0.00*00*TD*NOT AVAILABLE~N1*PR*INTCOMEX INC*ZZ*NOT AVAILABLE~N1*PE*EXXXXXX Networks*ZZ*33000XXXXX~RMR*IV*NONE*NS*0.00*0.00*0.00~REF*VV*NOT AVAILABLE*NOT AVAILABLE~DTM*003*20210127~ADX*0.00*00*TD*NOT AVAILABLE~N1*PR*INTCOMEX INC*ZZ*NOT AVAILABLE~N1*PE*EXXXXXX Networks*ZZ*33000XXXXX~RMR*IV*NONE*NS*0.00*0.00*0.00~REF*VV*NOT AVAILABLE*NOT AVAILABLE~DTM*003*20210127~ADX*0.00*00*TD*NOT AVAILABLE~N1*PR*INTCOMEX INC*ZZ*NOT AVAILABLE~N1*PE*EXXXXXX Networks*ZZ*33000XXXXX~RMR*IV*NONE*NS*0.00*0.00*0.00~REF*VV*NOT AVAILABLE*NOT AVAILABLE~DTM*003*20210127~ADX*0.00*00*TD*NOT AVAILABLE~N1*PR*INTCOMEX INC*ZZ*NOT AVAILABLE~N1*PE*EXXXXXX Networks*ZZ*33000XXXXX~RMR*IV*NONE*NS*0.00*0.00*0.00~REF*VV*NOT AVAILABLE*NOT AVAILABLE~DTM*003*20210127~ADX*0.00*00*TD*NOT AVAILABLE~N1*PR*INTCOMEX INC*ZZ*NOT AVAILABLE~N1*PE*EXXXXXX Networks*ZZ*33000XXXXX~RMR*IV*NONE*NS*0.00*0.00*0.00~REF*VV*NOT AVAILABLE*NOT AVAILABLE~DTM*003*20210127~ADX*0.00*00*TD*NOT AVAILABLE~N1*PR*INTCOMEX INC*ZZ*NOT AVAILABLE~N1*PE*EXXXXXX Networks*ZZ*33000XXXXX~RMR*IV*NONE*NS*0.00*0.00*0.00~REF*VV*NOT AVAILABLE*NOT AVAILABLE~DTM*003*20210127~ADX*0.00*00*TD*NOT AVAILABLE~N1*PR*INTCOMEX INC*ZZ*NOT AVAILABLE~N1*PE*EXXXXXX Networks*ZZ*33000XXXXX~RMR*IV*NONE*NS*0.00*0.00*0.00~REF*VV*NOT AVAILABLE*NOT AVAILABLE~DTM*003*20210127~ADX*0.00*00*TD*NOT AVAILABLE~N1*PR*INTCOMEX INC*ZZ*NOT AVAILABLE~N1*PE*EXXXXXX Networks*ZZ*33000XXXXX~RMR*IV*NONE*NS*0.00*0.00*0.00~REF*VV*NOT AVAILABLE*NOT AVAILABLE~DTM*003*20210127~ADX*0.00*00*TD*NOT AVAILABLE~N1*PR*INTCOMEX INC*ZZ*NOT AVAILABLE~N1*PE*EXXXXXX Networks*ZZ*33000XXXXX~RMR*IV*NONE*NS*0.00*0.00*0.00~REF*VV*NOT AVAILABLE*NOT AVAILABLE~DTM*003*20210127~ADX*0.00*00*TD*NOT AVAILABLE~N1*PR*INTCOMEX INC*ZZ*NOT AVAILABLE~N1*PE*EXXXXXX Networks*ZZ*33000XXXXX~RMR*IV*NONE*NS*0.00*0.00*0.00~REF*VV*NOT AVAILABLE*NOT AVAILABLE~DTM*003*20210127~ADX*0.00*00*TD*NOT AVAILABLE~N1*PR*INTCOMEX INC*ZZ*NOT AVAILABLE~N1*PE*EXXXXXX Networks*ZZ*33000XXXXX~RMR*IV*NONE*NS*0.00*0.00*0.00~REF*VV*NOT AVAILABLE*NOT AVAILABLE~DTM*003*20210127~ADX*0.00*00*TD*NOT AVAILABLE~N1*PR*INTCOMEX INC*ZZ*NOT AVAILABLE~N1*PE*EXXXXXX Networks*ZZ*33000XXXXX~RMR*IV*NONE*NS*0.00*0.00*0.00~REF*VV*NOT AVAILABLE*NOT AVAILABLE~DTM*003*20210127~ADX*0.00*00*TD*NOT AVAILABLE~N1*PR*INTCOMEX INC*ZZ*NOT AVAILABLE~N1*PE*EXXXXXX Networks*ZZ*33000XXXXX~RMR*IV*NONE*NS*0.00*0.00*0.00~REF*VV*NOT AVAILABLE*NOT AVAILABLE~DTM*003*20210127~ADX*0.00*00*TD*NOT AVAILABLE~N1*PR*INTCOMEX INC*ZZ*NOT AVAILABLE~N1*PE*EXXXXXX Networks*ZZ*33000XXXXX~RMR*IV*NONE*NS*0.00*0.00*0.00~REF*VV*NOT AVAILABLE*NOT AVAILABLE~DTM*003*20210127~ADX*0.00*00*TD*NOT AVAILABLE~N1*PR*INTCOMEX INC*ZZ*NOT AVAILABLE~N1*PE*EXXXXXX Networks*ZZ*33000XXXXX~RMR*IV*NONE*NS*0.00*0.00*0.00~REF*VV*NOT AVAILABLE*NOT AVAILABLE~DTM*003*20210127~ADX*0.00*00*TD*NOT AVAILABLE~Addenda Information coming in LocInstCode gets Screened and we don&apos;t risk not screening necessary information.Addenda Information coming in LocInstCode gets Screened and we don&apos;t risk not screening necessary information.Addenda Information coming in LocInstCode gets Screened and we don&apos;t risk not screening necessary information.Addenda Information coming in LocInstCode gets Screened and we don&apos;t risk not screening necessary information.Addenda Information coming in LocInstCode gets Screened and we don&apos;t risk not screening necessary information.Addenda Information coming in LocInstCode gets Screened and we don&apos;t risk not screening necessary information.Addenda Information coming in LocInstCode gets Screened and we don&apos;t risk not screening necessary information.Addenda Information coming in LocInstCode gets Screened and we don&apos;t risk not screening necessary information.Addenda Information coming in LocInstCode gets Screened and we don&apos;t risk not screening necessary information.Addenda Information coming in LocInstCode gets Screened and we don&apos;t risk not screening necessary information.Addenda Information coming in LocInstCode gets Screened and we don&apos;t risk not screening necessary information.Addenda Information coming in LocInstCode gets Screened and we don&apos;t risk not screening necessary information.Addenda Information coming in LocInstCode gets Screened and we don&apos;t risk not screening necessary information.Addenda Information coming in LocInstCode gets Screened and we don&apos;t risk not screening necessary information.Addenda Information coming in LocInstCode gets Screened and we don&apos;t risk not screening necessary information.Addenda Information coming in LocInstCode gets Screened and we don&apos;t risk not screening necessary information.Addenda Information coming in LocInstCode gets Screened and we don&apos;t risk not screening necessary information.Addenda Information coming in LocInstCode gets Screened and we don&apos;t risk not screening necessary information.Addenda Information coming in LocInstCode gets Screened and we don&apos;t risk not screening necessary information.Addenda Information coming in LocInstCode gets Screened and we don&apos;t risk not screening necessary information.Addenda Information coming in LocInstCode gets Screened and we don&apos;t risk not screening necessary information.vAddenda Information coming in LocInstCode gets Screened and we don&apos;t risk not screening necessary information.vAddenda Information coming in LocInstCode gets Screened and we don&apos;t risk not screening necessary information.Addenda Information coming in LocInstCode gets Screened and we don&apos;t risk not screening necessary information.Addenda Information coming in LocInstCode gets Screened and we don&apos;t risk not screening necessary information.Addenda Information coming in LocInstCode gets Screened and we don&apos;t risk not screening necessary information.vAddenda Information coming in LocInstCode gets Screened and we don&apos;t risk not screening necessary information.Addenda Information coming in LocInstCode gets Screened and we don&apos;t risk not screening necessary information.Addenda Information coming in LocInstCode gets Screened and we don&apos;t risk not screening necessary information.Addenda Information coming in LocInstCode gets Screened and we don&apos;t risk not screening necessary information.Addenda Information coming in LocInstCode gets Screened and we don&apos;t risk not screening necessary information.vAddenda Information coming in LocInstCode gets Screened and we don&apos;t risk not screening necessary information.Addenda Information coming in LocInstCode gets Screened and we don&apos;t risk not screening necessary information.Addenda Information coming in LocInstCode gets Screened and we don&apos;t risk not screening necessary information.Addenda Information coming in LocInstCode gets Screened and we don&apos;t risk not screening necessary information.Addenda Information coming in LocInstCode gets Screened and we don&apos;t risk not screening necessary information.Addenda Information coming in LocInstCode gets Screened and we don&apos;t risk not screening necessary information.Addenda Information coming in LocInstCode gets Screened and we don&apos;t risk not screening necessary information.Addenda Information coming in LocInstCode gets Screened and we don&apos;t risk not screening necessary information.Addenda Information coming in LocInstCode gets Screened and we don&apos;t risk not screening necessary information.Addenda Information coming in LocInstCode gets Screened and we don&apos;t risk not screening necessary information.Addenda Information coming in LocInstCode gets Screened and we don&apos;t risk not screening necessary information.Addenda Information coming in LocInstCode gets Screened and we don&apos;t risk not screening necessary information.testing&lt;/NARR&gt;\n[ORGOPTF        ] OrgptF\n",
            "MessageType": "FED10300",
            "NonBlocking": "0",
            "BusinessType": "CTP",
            "BusinessUnit": "ROOT",
            "FilteredDate": "2022/03/09 23:47:38",
            "LastOperator": "OFAC-Agent",
            "NextStatuses": [
              {
                "Status": {
                  "ID": "225",
                  "Name": "S8_ADJ",
                  "Checksum": "0d14589062b13cbce8cf38f9eb7a22a7",
                  "RoutingCode": "12"
                }
              }
            ],
            "ReceiverCode": "CERTAIN",
            "CurrentStatus": {
              "ID": "223",
              "Name": "FILTER_S8",
              "Checksum": "6a905528e3b9126041bbfe8f59cfe07b",
              "RoutingCode": "12"
            },
            "MessageFormat": "ALL",
            "ToApplication": "",
            "ApplicationCode": "GFX",
            "Confidentiality": "0",
            "SenderReference": "QA-20220310111724147",
            "NormalizedAmount": "",
            "RelatedReference": "",
            "ApplicationPriority": "0"
          }
        }
      ]
    }
  }
}
