{
  "Header": null,
  "Body": {
    "msg_SendMessage": {
      "VersionTag": "1",
      "Authentication": {
        "UserLogin": "CMAPI_LOGIN",
        "UserPassword": "abc",
        "UserRealm": ""
      },
      "Messages": [
        {
          "Message": {
            "Hits": [
              {
                "Hit": {
                  "Tag": "ORIGINATOR",
                  "Score": "0.0",
                  "Blocking": true,
                  "Positions": [
                    {
                      "Position": {
                        "PositionEnd": "312",
                        "PositionStart": "309"
                      }
                    },
                    {
                      "Position": {
                        "PositionEnd": "312",
                        "PositionStart": "309"
                      }
                    }
                  ],
                  "EntityText": "IRAN ISLAMIC REPUBLIC OF",
                  "HittedEntity": {
                    "ID": "AS00010014",
                    "Type": "O",
                    "Codes": [],
                    "Names": [
                      {
                        "Name": "*"
                      },
                      {
                        "Name": "*"
                      }
                    ],
                    "Origin": "US_OFAC_ENH_LCTN",
                    "HideIDs": [],
                    "Keywords": [
                      {
                        "Keyword": "OS:OFAC"
                      }
                    ],
                    "Addresses": [
                      {
                        "Address": {
                          "Cities": [
                            {
                              "City": "*"
                            },
                            {
                              "City": "*"
                            }
                          ],
                          "IsMain": "1",
                          "States": [],
                          "Countries": [
                            {
                              "Country": "IRAN ISLAMIC REPUBLIC OF"
                            },
                            {
                              "Country": "IRAN"
                            },
                            {
                              "Country": "IRAN (ISLAMIC REPUBLIC OF)"
                            },
                            {
                              "Country": "IRAN ISLAMIC REPUBLIC OF"
                            },
                            {
                              "Country": "IRAO"
                            },
                            {
                              "Country": "ISLAMIC REPUBLIC OF IRAN"
                            },
                            {
                              "Country": "JOMHURI YE ESLAMI YE IRAN"
                            },
                            {
                              "Country": "JOMHURI-YE ESLAMI-YE IRAN"
                            },
                            {
                              "Country": "PERSIA"
                            },
                            {
                              "Country": "REPUBLIQUE ISLAMIQUE D'IRAN"
                            },
                            {
                              "Country": "REPUBLIQUE ISLAMIQUE D IRAN"
                            },
                            {
                              "Country": "IRAN ISLAMIC REPUBLIC OF"
                            },
                            {
                              "Country": "IRAN"
                            },
                            {
                              "Country": "IRAN (ISLAMIC REPUBLIC OF)"
                            },
                            {
                              "Country": "IRAN ISLAMIC REPUBLIC OF"
                            },
                            {
                              "Country": "IRAO"
                            },
                            {
                              "Country": "ISLAMIC REPUBLIC OF IRAN"
                            },
                            {
                              "Country": "JOMHURI YE ESLAMI YE IRAN"
                            },
                            {
                              "Country": "JOMHURI-YE ESLAMI-YE IRAN"
                            },
                            {
                              "Country": "PERSIA"
                            },
                            {
                              "Country": "REPUBLIQUE ISLAMIQUE D'IRAN"
                            },
                            {
                              "Country": "REPUBLIQUE ISLAMIQUE D IRAN"
                            }
                          ],
                          "PostalAddress": ""
                        }
                      }
                    ],
                    "HideUnits": [],
                    "UserData1": "",
                    "UserData2": "",
                    "HideInTags": [],
                    "Hyperlinks": [
                      {
                        "Hyperlink": "none"
                      }
                    ],
                    "Designation": "IR",
                    "HideOnlyIDs": [
                      {
                        "HideOnlyID": ""
                      }
                    ],
                    "HideOrigins": [],
                    "IsException": "0",
                    "Nationality": "",
                    "DatesOfBirth": [],
                    "PlacesOfBirth": [],
                    "AdditionalInfo": "260 main cities:\u0002ABADAN, ABDANAN, ABHAR, \u0002AHAR, AHVAZ, AHWAZ, ALBORZ, \u0002AMIRABAD, AMOL, ANDIMESHK, ANDISHEH, \u0002ANZALI, ARAK, ARDABIL, ARDAKAN, \u0002ARVANDKENAR, ASADABAD, ASSALUYEH, ASTARA, \u0002BABOL, BABOLSAR, BAFGH, BAFQ, \u0002BAGHESTAN, BAKHTARAN, BAKHTIARI, BALUCHISTAN, \u0002BANDAR ABBAS, BANDAR E ABBAS, BANDAR E ANZALI, BANDAR E ASALUYEH, \u0002BANDAR E BUSHEHR, BANDAR E EMAN, BANDAR E LENGEH, BANDAR E MAHSHAHR, \u0002BANDAR E TAHERI, BANDAR E TORKAMAN, BANDAR E TORKEMAN, BANEH, \u0002BEHBAHAN, BIRJAND, BOJNURD, BORAZJAN, \u0002BORUJEN, BORUJERD, BOYER AHMAD, BUKAN, \u0002BUKAND, BUSHEHR, CHABAHAR, CHABAHAR PORT, \u0002CHAH BAHAR, CHAHAR MAHAAL, DAMGHAN, DEHBAREZ, \u0002DEHDASHT, DEHLORAN, DEYLAM, DEZFUL, \u0002DOGONBADAN, DOROOD, DORUD, EAST AZERBAIJAN, \u0002EQBALIYEH, ESFAHAN, ESFARAYEN, ESLAMABAD E GHARB, \u0002ESLAMSHAHR, FARDIS, FARROKH SHAHR, FARS, \u0002FASA, FERDOWS, GARMSAR, GHAEM SHAHR, \u0002GHARCHAK, GILAN, GOLESTAN, GONBAD E QABUS, \u0002GORGAN, HAMADAN, HAMEDAN, HORMOZGAN, \u0002HORMUZ, ILAM, IRANSHAHR, ISFAHAN, \u0002ISFHAN, ISLAM SHAHR, ISPAHAN, IZEH, \u0002JAFARIYEH, JAHROM, JAJARM, JALEQ, \u0002JAMKARAN, JASK, JIROFT, KAMAL SHAHR, \u0002KAMYARAN, KANGAVAR, KARADJ, KARADJE, \u0002KARADSCH, KARAJ, KAREJ, KASHAN, \u0002KERMAN, KERMANSHAH, KHALKHAL, KHARG ISLAND, \u0002KHOMEIN, KHOMEINISHAHR, KHOMEYNI, KHOOZESTAN, \u0002KHORASAN, KHORMOJ, KHORMUJ, KHORRAMABAD, \u0002KHORRAMDARREH, KHORRAMSHAHR, KHOY, KHUZESTAN, \u0002KISH, KISH ISLAND, KOHGILUYEH, KUH E DAMAVAND, \u0002KUHDASHT, KURDISTAN, LAHIJAN, LANGARUD, \u0002LAVAN ISLAND, LIKAK, LORESTAN, MAHABAD, \u0002MAHALLAT, MAHSHAHR, MAKU, MALARD, \u0002MALAYER, MARAGHA, MARAGHEH, MARAND, \u0002MARKAZI, MARV DASHT, MASCHHAD, MASHHAD, \u0002MASHUR, MASJED E SOLEYMAN, MAZANDARAN, MESHED, \u0002MESHKIN SHAHR, MEYBOD, MIANDOAB, MIANDOWAB, \u0002MIANEH, MINAB, MOHAJERAN, NAHAVAND, \u0002NAJAFABAD, NASIMSHAHR, NAZAR ABAD, NEHBANDAN, \u0002NEYSHABUR, NIHAVAND, NISHAPUR, NOWSHAHR, \u0002ORUMIEH, ORUMIYEH, PAHLEVI, PAKDASHT, \u0002PARS, PARSABAD, PAVEH, QA EM SHAHR, \u0002QACEMSHAHR, QAEN, QANAVAT, QARCHAK, \u0002QASEMABAD, QAZVIN, QESHM, QIDAR, \u0002QODS, QOM, QUCHAN, RAFSANJAN, \u0002RAFSINJAN, RAS BAHREGAN, RASHT, RAZAVI, \u0002RAZI, ROBATKARIM, SABZEVAR, SADEGHIE, \u0002, \u0002",
                    "OfficialReferences": [
                      {
                        "OfficialReference": {
                          "Name": "2011-11-30 12:06:11 RBL"
                        }
                      }
                    ],
                    "HideSenderReceivers": []
                  },
                  "MatchingText": "IRAN, IRAN",
                  "RulesContext": {
                    "Info": "none",
                    "Type": "1",
                    "Priority": "0",
                    "Confidentiality": "0"
                  },
                  "SolutionType": "6",
                  "SynonymIndex": "-1"
                }
              },
              {
                "Hit": {
                  "Tag": "ORIGINATOR",
                  "Score": "0.0",
                  "Blocking": true,
                  "Positions": [
                    {
                      "Position": {
                        "PositionEnd": "312",
                        "PositionStart": "309"
                      }
                    },
                    {
                      "Position": {
                        "PositionEnd": "312",
                        "PositionStart": "309"
                      }
                    }
                  ],
                  "EntityText": "IRAN ISLAMIC REPUBLIC OF",
                  "HittedEntity": {
                    "ID": "AS00521227",
                    "Type": "O",
                    "Codes": [],
                    "Names": [
                      {
                        "Name": "*"
                      },
                      {
                        "Name": "*"
                      }
                    ],
                    "Origin": "US_FINCEN_311",
                    "HideIDs": [],
                    "Keywords": [
                      {
                        "Keyword": "OS:FINCEN"
                      }
                    ],
                    "Addresses": [
                      {
                        "Address": {
                          "Cities": [
                            {
                              "City": "*"
                            },
                            {
                              "City": "*"
                            }
                          ],
                          "IsMain": "1",
                          "States": [],
                          "Countries": [
                            {
                              "Country": "IRAN ISLAMIC REPUBLIC OF"
                            },
                            {
                              "Country": "IRAN"
                            },
                            {
                              "Country": "IRAN (ISLAMIC REPUBLIC OF)"
                            },
                            {
                              "Country": "IRAN ISLAMIC REPUBLIC OF"
                            },
                            {
                              "Country": "IRAO"
                            },
                            {
                              "Country": "ISLAMIC REPUBLIC OF IRAN"
                            },
                            {
                              "Country": "JOMHURI YE ESLAMI YE IRAN"
                            },
                            {
                              "Country": "JOMHURI-YE ESLAMI-YE IRAN"
                            },
                            {
                              "Country": "PERSIA"
                            },
                            {
                              "Country": "REPUBLIQUE ISLAMIQUE D'IRAN"
                            },
                            {
                              "Country": "REPUBLIQUE ISLAMIQUE D IRAN"
                            },
                            {
                              "Country": "IRAN ISLAMIC REPUBLIC OF"
                            },
                            {
                              "Country": "IRAN"
                            },
                            {
                              "Country": "IRAN (ISLAMIC REPUBLIC OF)"
                            },
                            {
                              "Country": "IRAN ISLAMIC REPUBLIC OF"
                            },
                            {
                              "Country": "IRAO"
                            },
                            {
                              "Country": "ISLAMIC REPUBLIC OF IRAN"
                            },
                            {
                              "Country": "JOMHURI YE ESLAMI YE IRAN"
                            },
                            {
                              "Country": "JOMHURI-YE ESLAMI-YE IRAN"
                            },
                            {
                              "Country": "PERSIA"
                            },
                            {
                              "Country": "REPUBLIQUE ISLAMIQUE D'IRAN"
                            },
                            {
                              "Country": "REPUBLIQUE ISLAMIQUE D IRAN"
                            }
                          ],
                          "PostalAddress": ""
                        }
                      }
                    ],
                    "HideUnits": [],
                    "UserData1": "",
                    "UserData2": "",
                    "HideInTags": [],
                    "Hyperlinks": [
                      {
                        "Hyperlink": "none"
                      }
                    ],
                    "Designation": "GWL",
                    "HideOnlyIDs": [
                      {
                        "HideOnlyID": ""
                      }
                    ],
                    "HideOrigins": [],
                    "IsException": "0",
                    "Nationality": "",
                    "DatesOfBirth": [],
                    "PlacesOfBirth": [],
                    "AdditionalInfo": "260 main cities:\u0002ABADAN, ABDANAN, ABHAR, \u0002AHAR, AHVAZ, AHWAZ, ALBORZ, \u0002AMIRABAD, AMOL, ANDIMESHK, ANDISHEH, \u0002ANZALI, ARAK, ARDABIL, ARDAKAN, \u0002ARVANDKENAR, ASADABAD, ASSALUYEH, ASTARA, \u0002BABOL, BABOLSAR, BAFGH, BAFQ, \u0002BAGHESTAN, BAKHTARAN, BAKHTIARI, BALUCHISTAN, \u0002BANDAR ABBAS, BANDAR E ABBAS, BANDAR E ANZALI, BANDAR E ASALUYEH, \u0002BANDAR E BUSHEHR, BANDAR E EMAN, BANDAR E LENGEH, BANDAR E MAHSHAHR, \u0002BANDAR E TAHERI, BANDAR E TORKAMAN, BANDAR E TORKEMAN, BANEH, \u0002BEHBAHAN, BIRJAND, BOJNURD, BORAZJAN, \u0002BORUJEN, BORUJERD, BOYER AHMAD, BUKAN, \u0002BUKAND, BUSHEHR, CHABAHAR, CHABAHAR PORT, \u0002CHAH BAHAR, CHAHAR MAHAAL, DAMGHAN, DEHBAREZ, \u0002DEHDASHT, DEHLORAN, DEYLAM, DEZFUL, \u0002DOGONBADAN, DOROOD, DORUD, EAST AZERBAIJAN, \u0002EQBALIYEH, ESFAHAN, ESFARAYEN, ESLAMABAD E GHARB, \u0002ESLAMSHAHR, FARDIS, FARROKH SHAHR, FARS, \u0002FASA, FERDOWS, GARMSAR, GHAEM SHAHR, \u0002GHARCHAK, GILAN, GOLESTAN, GONBAD E QABUS, \u0002GORGAN, HAMADAN, HAMEDAN, HORMOZGAN, \u0002HORMUZ, ILAM, IRANSHAHR, ISFAHAN, \u0002ISFHAN, ISLAM SHAHR, ISPAHAN, IZEH, \u0002JAFARIYEH, JAHROM, JAJARM, JALEQ, \u0002JAMKARAN, JASK, JIROFT, KAMAL SHAHR, \u0002KAMYARAN, KANGAVAR, KARADJ, KARADJE, \u0002KARADSCH, KARAJ, KAREJ, KASHAN, \u0002KERMAN, KERMANSHAH, KHALKHAL, KHARG ISLAND, \u0002KHOMEIN, KHOMEINISHAHR, KHOMEYNI, KHOOZESTAN, \u0002KHORASAN, KHORMOJ, KHORMUJ, KHORRAMABAD, \u0002KHORRAMDARREH, KHORRAMSHAHR, KHOY, KHUZESTAN, \u0002KISH, KISH ISLAND, KOHGILUYEH, KUH E DAMAVAND, \u0002KUHDASHT, KURDISTAN, LAHIJAN, LANGARUD, \u0002LAVAN ISLAND, LIKAK, LORESTAN, MAHABAD, \u0002MAHALLAT, MAHSHAHR, MAKU, MALARD, \u0002MALAYER, MARAGHA, MARAGHEH, MARAND, \u0002MARKAZI, MARV DASHT, MASCHHAD, MASHHAD, \u0002MASHUR, MASJED E SOLEYMAN, MAZANDARAN, MESHED, \u0002MESHKIN SHAHR, MEYBOD, MIANDOAB, MIANDOWAB, \u0002MIANEH, MINAB, MOHAJERAN, NAHAVAND, \u0002NAJAFABAD, NASIMSHAHR, NAZAR ABAD, NEHBANDAN, \u0002NEYSHABUR, NIHAVAND, NISHAPUR, NOWSHAHR, \u0002ORUMIEH, ORUMIYEH, PAHLEVI, PAKDASHT, \u0002PARS, PARSABAD, PAVEH, QA EM SHAHR, \u0002QACEMSHAHR, QAEN, QANAVAT, QARCHAK, \u0002QASEMABAD, QAZVIN, QESHM, QIDAR, \u0002QODS, QOM, QUCHAN, RAFSANJAN, \u0002RAFSINJAN, RAS BAHREGAN, RASHT, RAZAVI, \u0002RAZI, ROBATKARIM, SABZEVAR, SADEGHIE, \u0002, \u0002",
                    "OfficialReferences": [
                      {
                        "OfficialReference": {
                          "Name": "2019-10-28 08:33:31 311"
                        }
                      }
                    ],
                    "HideSenderReceivers": []
                  },
                  "MatchingText": "IRAN, IRAN",
                  "RulesContext": {
                    "Info": "none",
                    "Type": "1",
                    "Priority": "0",
                    "Confidentiality": "0"
                  },
                  "SolutionType": "6",
                  "SynonymIndex": "-1"
                }
              }
            ],
            "Unit": "US",
            "Amount": "353.86",
            "Bypass": "0",
            "Actions": [
              {
                "Action": {
                  "Status": {
                    "ID": "0",
                    "Name": "FILTER",
                    "Checksum": "c4b4872d17cf6fa4f27f06e3b5d93c78",
                    "RoutingCode": "0"
                  },
                  "Comment": "Stop: 2, Nonblocking: 0",
                  "DateTime": "20220310015310",
                  "Operator": "Filter Engine"
                }
              },
              {
                "Action": {
                  "Status": {
                    "ID": "-2",
                    "Name": "NO HIT",
                    "Checksum": "1080a07f679004254edcc4854e8f66a7",
                    "RoutingCode": "-2"
                  },
                  "Comment": "Stop: 2, Nonblocking: 0",
                  "DateTime": "20220310015320",
                  "Operator": "Stripping Engine"
                }
              },
              {
                "Action": {
                  "Status": {
                    "ID": "223",
                    "Name": "FILTER_S8",
                    "Checksum": "6a905528e3b9126041bbfe8f59cfe07b",
                    "RoutingCode": "12"
                  },
                  "Comment": "Auto decision",
                  "DateTime": "20220310015802",
                  "Operator": "DBCLient"
                }
              }
            ],
            "Command": "1",
            "Blocking": "2",
            "Currency": "USD",
            "Priority": "0",
            "SystemID": "DIN20220310015300-00010-16044",
            "MessageID": "D99E012F-3F31-53E2-E053-1B186C0A4240",
            "ValueDate": "2019/02/07",
            "CutoffTime": "",
            "SenderCode": "AutoReceiver-COYCAAIBT",
            "CopyService": "",
            "CreatedDate": "2022/03/10 01:53:00",
            "IOIndicator": "I",
            "LastComment": "Suspect(s) detected by OFAC-Agent",
            "MessageData": "[FIRCOSOFT     X] SVB BE MUX FILTER\n[APPLI         X] GFX\n[UNIT          X] US\n[REFERENCE     X] 20182250006800\n[TYPE          X] INTL 100 I\n[VALUEDATE      ] 2019/02/07\n[AMOUNT         ] USD 353.86\n[INSPMTAMT      ] USD 353.86\n[SENDER         ] AutoReceiver-COYCAAIBT\n[ORIGINATOR     ] AC\nNL60SNSB0907370640\nIRAN BANK\n2/BREED 9\n3/NL/1621KA HOORN NH\nUS\n[ORGBANK        ] SNSBNL2A\nNL\n[RECEIVBANK     ] Silicon Valley Ban\n[RECEIVER       ] AutoReceiver-COYCAAIBT\n[BENE           ] AC\n3301174106\n1/SAFARI\n2/2 AVENUE DE LAFAYETTE 6TH FLOOR\n3/US/MA 02111\n[ORGBENEINF     ] INVOICE INV00624938\n[INSMN          ] /INS/SNSBNL2AXXX\n[FXRATE        X] 1.000000\n[TRANCD         ] INTERNTL\n[CHARGESCD      ] BEN\n[CRDACCOFF      ] 001\n[CRDACCTYP     X] DDA\n[CRDACCNUM      ] 3301174106\n[REFFBENE       ] C557917BBK081318\n ",
            "MessageType": "INTL100",
            "NonBlocking": "0",
            "BusinessType": "BUSINESS",
            "BusinessUnit": "ROOT",
            "FilteredDate": "2022/03/10 01:53:10",
            "LastOperator": "OFAC-Agent",
            "NextStatuses": [
              {
                "Status": {
                  "ID": "225",
                  "Name": "S8_ADJ",
                  "Checksum": "0d14589062b13cbce8cf38f9eb7a22a7",
                  "RoutingCode": "12"
                }
              }
            ],
            "ReceiverCode": "AutoReceiver-COYCAAIBT",
            "CurrentStatus": {
              "ID": "223",
              "Name": "FILTER_S8",
              "Checksum": "6a905528e3b9126041bbfe8f59cfe07b",
              "RoutingCode": "12"
            },
            "MessageFormat": "ALL",
            "ToApplication": "",
            "ApplicationCode": "GFX",
            "Confidentiality": "0",
            "SenderReference": "20182250006800",
            "NormalizedAmount": "",
            "RelatedReference": "",
            "ApplicationPriority": "0"
          }
        }
      ]
    }
  }
}
