{
  "Header": null,
  "Body": {
    "msg_SendMessage": {
      "VersionTag": "1",
      "Authentication": {
        "UserLogin": "CMAPI_LOGIN",
        "UserPassword": "abc",
        "UserRealm": ""
      },
      "Messages": [
        {
          "Message": {
            "Hits": [
              {
                "Hit": {
                  "Tag": "SENDER",
                  "Score": "0.0",
                  "Blocking": true,
                  "Positions": [
                    {
                      "Position": {
                        "PositionEnd": "265",
                        "PositionStart": "264"
                      }
                    },
                    {
                      "Position": {
                        "PositionEnd": "265",
                        "PositionStart": "264"
                      }
                    }
                  ],
                  "EntityText": "Venezuela",
                  "HittedEntity": {
                    "ID": "SIBFM3",
                    "Type": "O",
                    "Codes": [],
                    "Names": [
                      {
                        "Name": "*"
                      },
                      {
                        "Name": "*"
                      },
                      {
                        "Name": "*"
                      }
                    ],
                    "Origin": "SVB_INTERNAL",
                    "HideIDs": [],
                    "Keywords": [
                      {
                        "Keyword": "none"
                      }
                    ],
                    "Addresses": [
                      {
                        "Address": {
                          "Cities": [
                            {
                              "City": "*"
                            },
                            {
                              "City": "*"
                            },
                            {
                              "City": "*"
                            }
                          ],
                          "IsMain": "1",
                          "States": [],
                          "Countries": [
                            {
                              "Country": "Venezuela"
                            },
                            {
                              "Country": "BOLIVARIAN REPUBLIC OF VENEZUELA"
                            },
                            {
                              "Country": "REPUBLICA BOLIVARIANA DE VENEZUELA"
                            },
                            {
                              "Country": "VENEZUELA"
                            },
                            {
                              "Country": "Venezuela"
                            },
                            {
                              "Country": "BOLIVARIAN REPUBLIC OF VENEZUELA"
                            },
                            {
                              "Country": "REPUBLICA BOLIVARIANA DE VENEZUELA"
                            },
                            {
                              "Country": "VENEZUELA"
                            },
                            {
                              "Country": "Venezuela"
                            },
                            {
                              "Country": "BOLIVARIAN REPUBLIC OF VENEZUELA"
                            },
                            {
                              "Country": "REPUBLICA BOLIVARIANA DE VENEZUELA"
                            },
                            {
                              "Country": "VENEZUELA"
                            }
                          ],
                          "PostalAddress": ""
                        }
                      }
                    ],
                    "HideUnits": [],
                    "UserData1": "",
                    "UserData2": "",
                    "HideInTags": [],
                    "Hyperlinks": [
                      {
                        "Hyperlink": "none"
                      }
                    ],
                    "Designation": "SANCTIONS",
                    "HideOnlyIDs": [
                      {
                        "HideOnlyID": ""
                      }
                    ],
                    "HideOrigins": [],
                    "IsException": "0",
                    "Nationality": "",
                    "DatesOfBirth": [],
                    "PlacesOfBirth": [],
                    "AdditionalInfo": "82 main cities:\u0002ACARIGUA, ANACO, BACHAQUERO, \u0002BARINAS, BARQUISIMETO, BOLIVAR, CABIMAS, \u0002CAICARA DEL ORINOCO, CALABOZO, CANAIMA, CARACAS, \u0002CARORA, CARUPANO, CASIGUA, CATIA LA MAR, \u0002CHARALLAVE, CIUDAD GUAYANA, CIUDAD OJEDA, CORO, \u0002CUMANA, EL VIGIA, GUANARE, GUANTA, \u0002GUASDUALITO, GUASIPATI, GUIRIA, HIGUEROTE, \u0002ICABARU, ISLA DE COCHE, LA ASUNCION, LA GUAIRA, \u0002LA ORCHILA, LOS ROQUES, LOS TEQUES, MARACAIBO, \u0002MARACAY, MATURIN, MERIDA, PAMATACUAL, \u0002PEDERNALES, PERTIGALETE, PETARE, PORLAMAR, \u0002PUERTO AYACUCHO, PUERTO CABELLO, PUERTO DE HIERRO, PUERTO LA CRUZ, \u0002PUERTO ORDAZ, PUERTO SUCRE, PUNTA CARDON, PUNTA DE PALMAS, \u0002PUNTA PIEDRAS, PUNTO FIJO, SAN ANTONIO DEL TACHIRA, SAN CRISTOBAL, \u0002SAN FELIPE, SAN FERNANDO DE APURE, SAN JUAN DE LOS MORROS, TRUJILLO, \u0002TUCUPITA, VALLE DE LA PASCUA, ΚΑΡΑΚΑΣ, КАРАКАС, \u0002卡拉卡斯, ISLA DE MARGARITA, MARGARITA ISLAND, ANZOATEGUI, \u0002APURE, ARAGUA, CARABOBO, COJEDES, \u0002DELTA AMACURO, GUARICO, MONAGAS, NUEVA ESPARTA, \u0002TACHIRA, YARACUY, ZULIA, كاراكاس, \u0002カラカス, كركاس, CABUDARE\u0002\u0002Additional Info: Suspect_Countries - List Entry key: Suspect_Countries_20181130132147667; Reference: ; Work Item #: ; Case #: ; Comments: The Government of Venezuela, and persons in which the Government of Venezuela owns, directly or indirectly, a 50 percent or greater interest, are blocked; Please review transactions involving Venezuela for potential interest by blocked persons, including the Government of Venezuela, pursuant to Venezuela sanctions. Refer to Global Sanctions Compliance.;\u0002",
                    "OfficialReferences": [
                      {
                        "OfficialReference": {
                          "Name": "2019-08-06"
                        }
                      }
                    ],
                    "HideSenderReceivers": []
                  },
                  "MatchingText": "VE, VE",
                  "RulesContext": {
                    "Info": "none",
                    "Type": "1",
                    "Priority": "0",
                    "Confidentiality": "0"
                  },
                  "SolutionType": "6",
                  "SynonymIndex": "-1"
                }
              },
              {
                "Hit": {
                  "Tag": "RECEIVER",
                  "Score": "0.0",
                  "Blocking": true,
                  "Positions": [
                    {
                      "Position": {
                        "PositionEnd": "457",
                        "PositionStart": "456"
                      }
                    },
                    {
                      "Position": {
                        "PositionEnd": "457",
                        "PositionStart": "456"
                      }
                    }
                  ],
                  "EntityText": "Venezuela",
                  "HittedEntity": {
                    "ID": "SIBFM3",
                    "Type": "O",
                    "Codes": [],
                    "Names": [
                      {
                        "Name": "*"
                      },
                      {
                        "Name": "*"
                      },
                      {
                        "Name": "*"
                      }
                    ],
                    "Origin": "SVB_INTERNAL",
                    "HideIDs": [],
                    "Keywords": [
                      {
                        "Keyword": "none"
                      }
                    ],
                    "Addresses": [
                      {
                        "Address": {
                          "Cities": [
                            {
                              "City": "*"
                            },
                            {
                              "City": "*"
                            },
                            {
                              "City": "*"
                            }
                          ],
                          "IsMain": "1",
                          "States": [],
                          "Countries": [
                            {
                              "Country": "Venezuela"
                            },
                            {
                              "Country": "BOLIVARIAN REPUBLIC OF VENEZUELA"
                            },
                            {
                              "Country": "REPUBLICA BOLIVARIANA DE VENEZUELA"
                            },
                            {
                              "Country": "VENEZUELA"
                            },
                            {
                              "Country": "Venezuela"
                            },
                            {
                              "Country": "BOLIVARIAN REPUBLIC OF VENEZUELA"
                            },
                            {
                              "Country": "REPUBLICA BOLIVARIANA DE VENEZUELA"
                            },
                            {
                              "Country": "VENEZUELA"
                            },
                            {
                              "Country": "Venezuela"
                            },
                            {
                              "Country": "BOLIVARIAN REPUBLIC OF VENEZUELA"
                            },
                            {
                              "Country": "REPUBLICA BOLIVARIANA DE VENEZUELA"
                            },
                            {
                              "Country": "VENEZUELA"
                            }
                          ],
                          "PostalAddress": ""
                        }
                      }
                    ],
                    "HideUnits": [],
                    "UserData1": "",
                    "UserData2": "",
                    "HideInTags": [],
                    "Hyperlinks": [
                      {
                        "Hyperlink": "none"
                      }
                    ],
                    "Designation": "SANCTIONS",
                    "HideOnlyIDs": [
                      {
                        "HideOnlyID": ""
                      }
                    ],
                    "HideOrigins": [],
                    "IsException": "0",
                    "Nationality": "",
                    "DatesOfBirth": [],
                    "PlacesOfBirth": [],
                    "AdditionalInfo": "82 main cities:\u0002ACARIGUA, ANACO, BACHAQUERO, \u0002BARINAS, BARQUISIMETO, BOLIVAR, CABIMAS, \u0002CAICARA DEL ORINOCO, CALABOZO, CANAIMA, CARACAS, \u0002CARORA, CARUPANO, CASIGUA, CATIA LA MAR, \u0002CHARALLAVE, CIUDAD GUAYANA, CIUDAD OJEDA, CORO, \u0002CUMANA, EL VIGIA, GUANARE, GUANTA, \u0002GUASDUALITO, GUASIPATI, GUIRIA, HIGUEROTE, \u0002ICABARU, ISLA DE COCHE, LA ASUNCION, LA GUAIRA, \u0002LA ORCHILA, LOS ROQUES, LOS TEQUES, MARACAIBO, \u0002MARACAY, MATURIN, MERIDA, PAMATACUAL, \u0002PEDERNALES, PERTIGALETE, PETARE, PORLAMAR, \u0002PUERTO AYACUCHO, PUERTO CABELLO, PUERTO DE HIERRO, PUERTO LA CRUZ, \u0002PUERTO ORDAZ, PUERTO SUCRE, PUNTA CARDON, PUNTA DE PALMAS, \u0002PUNTA PIEDRAS, PUNTO FIJO, SAN ANTONIO DEL TACHIRA, SAN CRISTOBAL, \u0002SAN FELIPE, SAN FERNANDO DE APURE, SAN JUAN DE LOS MORROS, TRUJILLO, \u0002TUCUPITA, VALLE DE LA PASCUA, ΚΑΡΑΚΑΣ, КАРАКАС, \u0002卡拉卡斯, ISLA DE MARGARITA, MARGARITA ISLAND, ANZOATEGUI, \u0002APURE, ARAGUA, CARABOBO, COJEDES, \u0002DELTA AMACURO, GUARICO, MONAGAS, NUEVA ESPARTA, \u0002TACHIRA, YARACUY, ZULIA, كاراكاس, \u0002カラカス, كركاس, CABUDARE\u0002\u0002Additional Info: Suspect_Countries - List Entry key: Suspect_Countries_20181130132147667; Reference: ; Work Item #: ; Case #: ; Comments: The Government of Venezuela, and persons in which the Government of Venezuela owns, directly or indirectly, a 50 percent or greater interest, are blocked; Please review transactions involving Venezuela for potential interest by blocked persons, including the Government of Venezuela, pursuant to Venezuela sanctions. Refer to Global Sanctions Compliance.;\u0002",
                    "OfficialReferences": [
                      {
                        "OfficialReference": {
                          "Name": "2019-08-06"
                        }
                      }
                    ],
                    "HideSenderReceivers": []
                  },
                  "MatchingText": "VE, VE",
                  "RulesContext": {
                    "Info": "none",
                    "Type": "1",
                    "Priority": "0",
                    "Confidentiality": "0"
                  },
                  "SolutionType": "6",
                  "SynonymIndex": "-1"
                }
              }
            ],
            "Unit": "US",
            "Amount": "523.52",
            "Bypass": "0",
            "Actions": [
              {
                "Action": {
                  "Status": {
                    "ID": "0",
                    "Name": "FILTER",
                    "Checksum": "c4b4872d17cf6fa4f27f06e3b5d93c78",
                    "RoutingCode": "0"
                  },
                  "Comment": "Stop: 2, Nonblocking: 0",
                  "DateTime": "20220310015310",
                  "Operator": "Filter Engine"
                }
              },
              {
                "Action": {
                  "Status": {
                    "ID": "-2",
                    "Name": "NO HIT",
                    "Checksum": "1080a07f679004254edcc4854e8f66a7",
                    "RoutingCode": "-2"
                  },
                  "Comment": "Stop: 2, Nonblocking: 0",
                  "DateTime": "20220310015320",
                  "Operator": "Stripping Engine"
                }
              },
              {
                "Action": {
                  "Status": {
                    "ID": "223",
                    "Name": "FILTER_S8",
                    "Checksum": "6a905528e3b9126041bbfe8f59cfe07b",
                    "RoutingCode": "12"
                  },
                  "Comment": "Auto decision",
                  "DateTime": "20220310015803",
                  "Operator": "DBCLient"
                }
              }
            ],
            "Command": "1",
            "Blocking": "2",
            "Currency": "USD",
            "Priority": "0",
            "SystemID": "DIN20220310015300-00015-16044",
            "MessageID": "D99E012F-3F3B-53E2-E053-1B186C0A4240",
            "ValueDate": "2019/02/07",
            "CutoffTime": "",
            "SenderCode": "AutoReceiver-6DA18VE6V",
            "CopyService": "",
            "CreatedDate": "2022/03/10 01:53:00",
            "IOIndicator": "I",
            "LastComment": "Suspect(s) detected by OFAC-Agent",
            "MessageData": "[FIRCOSOFT     X] SVB BE MUX FILTER\n[APPLI         X] GFX\n[UNIT          X] US\n[REFERENCE     X] 20182250006800\n[TYPE          X] INTL 100 I\n[VALUEDATE      ] 2019/02/07\n[AMOUNT         ] USD 523.52\n[INSPMTAMT      ] USD 523.52\n[SENDER         ] AutoReceiver-6DA18VE6V\n[ORIGINATOR     ] AC\nNL60SNSB0907370640\nRICKY LEE\n2/BREED 9\n3/NL/1621KA HOORN NH\nUS\n[ORGBANK        ] SNSBNL2A\nNL\n[RECEIVBANK     ] Silicon Valley Ban\n[RECEIVER       ] AutoReceiver-6DA18VE6V\n[BENE           ] AC\n3301174106\n1/SAFARI\n2/2 AVENUE DE LAFAYETTE 6TH FLOOR\n3/US/MA 02111\n[ORGBENEINF     ] INVOICE INV00624938\n[INSMN          ] /INS/SNSBNL2AXXX\n[FXRATE        X] 1.000000\n[TRANCD         ] INTERNTL\n[CHARGESCD      ] BEN\n[CRDACCOFF      ] 001\n[CRDACCTYP     X] DDA\n[CRDACCNUM      ] 3301174106\n[REFFBENE       ] C557917BBK081318\n ",
            "MessageType": "INTL100",
            "NonBlocking": "0",
            "BusinessType": "BUSINESS",
            "BusinessUnit": "ROOT",
            "FilteredDate": "2022/03/10 01:53:10",
            "LastOperator": "OFAC-Agent",
            "NextStatuses": [
              {
                "Status": {
                  "ID": "225",
                  "Name": "S8_ADJ",
                  "Checksum": "0d14589062b13cbce8cf38f9eb7a22a7",
                  "RoutingCode": "12"
                }
              }
            ],
            "ReceiverCode": "AutoReceiver-6DA18VE6V",
            "CurrentStatus": {
              "ID": "223",
              "Name": "FILTER_S8",
              "Checksum": "6a905528e3b9126041bbfe8f59cfe07b",
              "RoutingCode": "12"
            },
            "MessageFormat": "ALL",
            "ToApplication": "",
            "ApplicationCode": "GFX",
            "Confidentiality": "0",
            "SenderReference": "20182250006800",
            "NormalizedAmount": "",
            "RelatedReference": "",
            "ApplicationPriority": "0"
          }
        }
      ]
    }
  }
}
