{
  "Header": null,
  "Body": {
    "msg_SendMessage": {
      "VersionTag": "1",
      "Authentication": {
        "UserLogin": "CMAPI_LOGIN",
        "UserPassword": "abc",
        "UserRealm": ""
      },
      "Messages": [
        {
          "Message": {
            "Hits": [
              {
                "Hit": {
                  "Tag": "ORIGINATOR",
                  "Score": "0.0",
                  "Blocking": true,
                  "Positions": [
                    {
                      "Position": {
                        "PositionEnd": "317",
                        "PositionStart": "304"
                      }
                    }
                  ],
                  "EntityText": "HUSSEIN AL-TIKRITI, QUSAY SADDAM",
                  "HittedEntity": {
                    "ID": "AS00052276",
                    "Type": "I",
                    "Codes": [],
                    "Names": [
                      {
                        "Name": "HUSSEIN AL-TIKRITI, QUSAY SADDAM"
                      },
                      {
                        "Name": "HUSSEIN AL-TIKRITI, QOUSSAI SADDAM"
                      },
                      {
                        "Name": "HUSSEIN AL-TIKRITI, QUSAY SADDAM"
                      },
                      {
                        "Name": "HUSSEIN AL-TIKRITI, QOUSSAI SADDAM"
                      }
                    ],
                    "Origin": "EUROPEAN_UNION",
                    "HideIDs": [],
                    "Keywords": [
                      {
                        "Keyword": "OS:EUROPEAN_UNION"
                      }
                    ],
                    "Addresses": [
                      {
                        "Address": {
                          "Cities": [],
                          "IsMain": "1",
                          "States": [],
                          "Countries": [],
                          "PostalAddress": ""
                        }
                      }
                    ],
                    "HideUnits": [],
                    "UserData1": "6673",
                    "UserData2": "",
                    "HideInTags": [],
                    "Hyperlinks": [
                      {
                        "Hyperlink": "none"
                      }
                    ],
                    "Designation": "IRAQ_HUSSEIN",
                    "HideOnlyIDs": [
                      {
                        "HideOnlyID": ""
                      }
                    ],
                    "HideOrigins": [],
                    "IsException": "0",
                    "Nationality": "",
                    "DatesOfBirth": [
                      {
                        "DateOfBirth": "1965 1966"
                      }
                    ],
                    "PlacesOfBirth": [
                      {}
                    ],
                    "AdditionalInfo": "List ID: 33 / Create Date: 08/14/2003 15:56:41 / Last Update Date: 05/06/2020 11:47:35 / Program: IRAQ - FORMER PRESIDENT SADDAM HUSSEIN / Legal_Basis: 1210/2003 (OJ L 169) / Title: OVERSAW SPECIAL REPUBLICAN GUARD, SPECIAL SECURITY ORGANISATION, AND REPUBLICAN GUARD; SADDAM'S SECOND SON / Nationality: IRAQI / Gender: M / EffectiveDate: 7/9/2003 / OriginalID: 20",
                    "OfficialReferences": [
                      {
                        "OfficialReference": {
                          "Name": "2009-10-15 16:48:13 EU"
                        }
                      }
                    ],
                    "HideSenderReceivers": []
                  },
                  "MatchingText": "SADDAM HUSSEIN",
                  "RulesContext": {
                    "Info": "none",
                    "Type": "1",
                    "Priority": "0",
                    "Confidentiality": "0"
                  },
                  "SolutionType": "1",
                  "SynonymIndex": "0"
                }
              },
              {
                "Hit": {
                  "Tag": "ORIGINATOR",
                  "Score": "0.0",
                  "Blocking": true,
                  "Positions": [
                    {
                      "Position": {
                        "PositionEnd": "317",
                        "PositionStart": "304"
                      }
                    }
                  ],
                  "EntityText": "HUSSEIN AL-TIKRITI, UDAY SADDAM",
                  "HittedEntity": {
                    "ID": "AS00052278",
                    "Type": "I",
                    "Codes": [],
                    "Names": [
                      {
                        "Name": "HUSSEIN AL-TIKRITI, UDAY SADDAM"
                      },
                      {
                        "Name": "HUSSEIN AL-TIKRITI, OUDAI SADDAM"
                      },
                      {
                        "Name": "HUSSEIN AL-TIKRITI, UDAY SADDAM"
                      },
                      {
                        "Name": "HUSSEIN AL-TIKRITI, OUDAI SADDAM"
                      }
                    ],
                    "Origin": "EUROPEAN_UNION",
                    "HideIDs": [],
                    "Keywords": [
                      {
                        "Keyword": "OS:EUROPEAN_UNION"
                      }
                    ],
                    "Addresses": [
                      {
                        "Address": {
                          "Cities": [],
                          "IsMain": "1",
                          "States": [],
                          "Countries": [],
                          "PostalAddress": ""
                        }
                      }
                    ],
                    "HideUnits": [],
                    "UserData1": "46119",
                    "UserData2": "",
                    "HideInTags": [],
                    "Hyperlinks": [
                      {
                        "Hyperlink": "none"
                      }
                    ],
                    "Designation": "IRAQ_HUSSEIN",
                    "HideOnlyIDs": [
                      {
                        "HideOnlyID": ""
                      }
                    ],
                    "HideOrigins": [],
                    "IsException": "0",
                    "Nationality": "",
                    "DatesOfBirth": [
                      {
                        "DateOfBirth": "1964 1967"
                      }
                    ],
                    "PlacesOfBirth": [
                      {}
                    ],
                    "AdditionalInfo": "List ID: 33 / Create Date: 08/14/2003 15:56:41 / Last Update Date: 05/06/2020 11:49:12 / Program: IRAQ - FORMER PRESIDENT SADDAM HUSSEIN / Legal_Basis: 1210/2003 (OJ L 169) / Title: LEADER OF PARAMILITARY ORGANISATION FEDAYEEN SADDAM; LEADER OF PARAMILITARY ORGANISATION FEDAYEEN SADDAM.; SADDAM'S ELDEST SON / Nationality: IRAQI / Gender: M / EffectiveDate: 7/9/2003 / OriginalID: 23",
                    "OfficialReferences": [
                      {
                        "OfficialReference": {
                          "Name": "2009-10-15 16:48:13 EU"
                        }
                      }
                    ],
                    "HideSenderReceivers": []
                  },
                  "MatchingText": "SADDAM HUSSEIN",
                  "RulesContext": {
                    "Info": "none",
                    "Type": "1",
                    "Priority": "0",
                    "Confidentiality": "0"
                  },
                  "SolutionType": "1",
                  "SynonymIndex": "0"
                }
              },
              {
                "Hit": {
                  "Tag": "ORIGINATOR",
                  "Score": "0.0",
                  "Blocking": true,
                  "Positions": [
                    {
                      "Position": {
                        "PositionEnd": "317",
                        "PositionStart": "304"
                      }
                    }
                  ],
                  "EntityText": "HUSSEIN, UDAI SADDAM",
                  "HittedEntity": {
                    "ID": "AS00048462",
                    "Type": "I",
                    "Codes": [],
                    "Names": [
                      {
                        "Name": "AL-TIKRITI, UDAY SADDAM HUSSEIN"
                      },
                      {
                        "Name": "HUSSEIN, UDAI SADDAM"
                      },
                      {
                        "Name": "AL-TIKRITI, UDAY SADDAM HUSSEIN"
                      },
                      {
                        "Name": "HUSSEIN, UDAI SADDAM"
                      }
                    ],
                    "Origin": "US_OFAC",
                    "HideIDs": [],
                    "Keywords": [
                      {
                        "Keyword": "OS:OFAC"
                      }
                    ],
                    "Addresses": [
                      {
                        "Address": {
                          "Cities": [],
                          "IsMain": "1",
                          "States": [],
                          "Countries": [],
                          "PostalAddress": ""
                        }
                      }
                    ],
                    "HideUnits": [],
                    "UserData1": "46119",
                    "UserData2": "",
                    "HideInTags": [],
                    "Hyperlinks": [
                      {
                        "Hyperlink": "none"
                      }
                    ],
                    "Designation": "IRAQ2",
                    "HideOnlyIDs": [
                      {
                        "HideOnlyID": ""
                      }
                    ],
                    "HideOrigins": [],
                    "IsException": "0",
                    "Nationality": "",
                    "DatesOfBirth": [
                      {
                        "DateOfBirth": "1964 1967"
                      }
                    ],
                    "PlacesOfBirth": [
                      {}
                    ],
                    "AdditionalInfo": "List ID: 0 / Create Date: 06/25/2003 11:05:11 / Last Update Date: 01/23/2020 12:33:04 / Program: IRAQ2 / Title: FORMER LEADER PARAMILITARY ORG. FEDAYEEN SADDAM / Nationality: IRAQ / OtherInformation: SADDAM HUSSEIN AL-TIKRITI'S ELDEST SON / OriginalID: 7845",
                    "OfficialReferences": [
                      {
                        "OfficialReference": {
                          "Name": "2010-02-10 13:10:16 UST"
                        }
                      }
                    ],
                    "HideSenderReceivers": []
                  },
                  "MatchingText": "SADDAM HUSSEIN",
                  "RulesContext": {
                    "Info": "none",
                    "Type": "1",
                    "Priority": "0",
                    "Confidentiality": "0"
                  },
                  "SolutionType": "1",
                  "SynonymIndex": "1"
                }
              },
              {
                "Hit": {
                  "Tag": "ORIGINATOR",
                  "Score": "0.0",
                  "Blocking": true,
                  "Positions": [
                    {
                      "Position": {
                        "PositionEnd": "317",
                        "PositionStart": "304"
                      }
                    }
                  ],
                  "EntityText": "HUSSEIN AL-TIKRITI, SADDAM",
                  "HittedEntity": {
                    "ID": "AS00052274",
                    "Type": "I",
                    "Codes": [],
                    "Names": [
                      {
                        "Name": "HUSSEIN AL-TIKRITI, SADDAM"
                      },
                      {
                        "Name": "ABOU ALI"
                      },
                      {
                        "Name": "ABU ALI"
                      },
                      {
                        "Name": "HUSSEIN AL-TIKRITI, SADDAM"
                      },
                      {
                        "Name": "ABOU ALI"
                      },
                      {
                        "Name": "ABU ALI"
                      }
                    ],
                    "Origin": "EUROPEAN_UNION",
                    "HideIDs": [],
                    "Keywords": [
                      {
                        "Keyword": "OS:EUROPEAN_UNION"
                      }
                    ],
                    "Addresses": [
                      {
                        "Address": {
                          "Cities": [],
                          "IsMain": "1",
                          "States": [],
                          "Countries": [],
                          "PostalAddress": ""
                        }
                      }
                    ],
                    "HideUnits": [],
                    "UserData1": "46118",
                    "UserData2": "",
                    "HideInTags": [],
                    "Hyperlinks": [
                      {
                        "Hyperlink": "none"
                      }
                    ],
                    "Designation": "IRAQ_HUSSEIN",
                    "HideOnlyIDs": [
                      {
                        "HideOnlyID": ""
                      }
                    ],
                    "HideOrigins": [],
                    "IsException": "0",
                    "Nationality": "",
                    "DatesOfBirth": [
                      {
                        "DateOfBirth": "04/28/1937"
                      }
                    ],
                    "PlacesOfBirth": [
                      {}
                    ],
                    "AdditionalInfo": "List ID: 33 / Create Date: 08/14/2003 15:56:40 / Last Update Date: 05/06/2020 11:45:15 / Program: IRAQ - FORMER PRESIDENT SADDAM HUSSEIN / Legal_Basis: 1210/2003 (OJ L 169) / Title: NAMED IN UNSCR 1483 / Nationality: IRAQI / Gender: M / EffectiveDate: 7/9/2003 / OriginalID: 13",
                    "OfficialReferences": [
                      {
                        "OfficialReference": {
                          "Name": "2009-10-15 16:48:12 EU"
                        }
                      }
                    ],
                    "HideSenderReceivers": []
                  },
                  "MatchingText": "SADDAM HUSSEIN",
                  "RulesContext": {
                    "Info": "none",
                    "Type": "1",
                    "Priority": "0",
                    "Confidentiality": "0"
                  },
                  "SolutionType": "1",
                  "SynonymIndex": "0"
                }
              },
              {
                "Hit": {
                  "Tag": "ORIGINATOR",
                  "Score": "0.0",
                  "Blocking": true,
                  "Positions": [
                    {
                      "Position": {
                        "PositionEnd": "317",
                        "PositionStart": "304"
                      }
                    }
                  ],
                  "EntityText": "HUSSEIN, SADDAM",
                  "HittedEntity": {
                    "ID": "AS00048458",
                    "Type": "I",
                    "Codes": [],
                    "Names": [
                      {
                        "Name": "AL-TIKRITI, SADDAM HUSSEIN"
                      },
                      {
                        "Name": "HUSAYN, SADDAM"
                      },
                      {
                        "Name": "HUSSAIN, SADDAM"
                      },
                      {
                        "Name": "HUSSEIN, SADDAM"
                      },
                      {
                        "Name": "AL-TIKRITI, SADDAM HUSSEIN"
                      },
                      {
                        "Name": "HUSAYN, SADDAM"
                      },
                      {
                        "Name": "HUSSAIN, SADDAM"
                      },
                      {
                        "Name": "HUSSEIN, SADDAM"
                      }
                    ],
                    "Origin": "US_OFAC",
                    "HideIDs": [],
                    "Keywords": [
                      {
                        "Keyword": "OS:OFAC"
                      }
                    ],
                    "Addresses": [
                      {
                        "Address": {
                          "Cities": [],
                          "IsMain": "1",
                          "States": [],
                          "Countries": [],
                          "PostalAddress": ""
                        }
                      }
                    ],
                    "HideUnits": [],
                    "UserData1": "46118",
                    "UserData2": "",
                    "HideInTags": [],
                    "Hyperlinks": [
                      {
                        "Hyperlink": "none"
                      }
                    ],
                    "Designation": "IRAQ2",
                    "HideOnlyIDs": [
                      {
                        "HideOnlyID": ""
                      }
                    ],
                    "HideOrigins": [],
                    "IsException": "0",
                    "Nationality": "",
                    "DatesOfBirth": [
                      {
                        "DateOfBirth": "04/28/1937"
                      }
                    ],
                    "PlacesOfBirth": [
                      {}
                    ],
                    "AdditionalInfo": "List ID: 0 / Create Date: 06/25/2003 11:05:11 / Last Update Date: 01/23/2020 13:01:13 / Program: IRAQ2 / Weak Alias: 'ABU ALI' / Title: FORMER PRESIDENT NAMED IN UNSCR 1483 / Nationality: IRAQ / OtherInformation: NAMED IN UNSCR 1483 / OriginalID: 7843",
                    "OfficialReferences": [
                      {
                        "OfficialReference": {
                          "Name": "2009-02-10 11:44:46 UST"
                        }
                      }
                    ],
                    "HideSenderReceivers": []
                  },
                  "MatchingText": "SADDAM HUSSEIN",
                  "RulesContext": {
                    "Info": "none",
                    "Type": "1",
                    "Priority": "0",
                    "Confidentiality": "0"
                  },
                  "SolutionType": "1",
                  "SynonymIndex": "3"
                }
              }
            ],
            "Unit": "US",
            "Amount": "395.26",
            "Bypass": "0",
            "Actions": [
              {
                "Action": {
                  "Status": {
                    "ID": "0",
                    "Name": "FILTER",
                    "Checksum": "c4b4872d17cf6fa4f27f06e3b5d93c78",
                    "RoutingCode": "0"
                  },
                  "Comment": "Stop: 5, Nonblocking: 0",
                  "DateTime": "20220310011400",
                  "Operator": "Filter Engine"
                }
              },
              {
                "Action": {
                  "Status": {
                    "ID": "-2",
                    "Name": "NO HIT",
                    "Checksum": "1080a07f679004254edcc4854e8f66a7",
                    "RoutingCode": "-2"
                  },
                  "Comment": "Stop: 5, Nonblocking: 0",
                  "DateTime": "20220310011427",
                  "Operator": "Stripping Engine"
                }
              },
              {
                "Action": {
                  "Status": {
                    "ID": "223",
                    "Name": "FILTER_S8",
                    "Checksum": "6a905528e3b9126041bbfe8f59cfe07b",
                    "RoutingCode": "12"
                  },
                  "Comment": "Auto decision",
                  "DateTime": "20220310011430",
                  "Operator": "DBCLient"
                }
              }
            ],
            "Command": "1",
            "Blocking": "5",
            "Currency": "USD",
            "Priority": "0",
            "SystemID": "DIN20220310011352-00002-16044",
            "MessageID": "D94B208E-EC97-2D1E-E053-1A186C0ABEEA",
            "ValueDate": "2019/02/07",
            "CutoffTime": "",
            "SenderCode": "GL-PERF-5H9N83S75",
            "CopyService": "",
            "CreatedDate": "2022/03/10 01:13:52",
            "IOIndicator": "I",
            "LastComment": "Suspect(s) detected by OFAC-Agent",
            "MessageData": "[FIRCOSOFT     X] SVB BE MUX FILTER\n[APPLI         X] GFX\n[UNIT          X] US\n[REFERENCE     X] 20182250006800\n[TYPE          X] INTL 100 I\n[VALUEDATE      ] 2019/02/07\n[AMOUNT         ] USD 395.26\n[INSPMTAMT      ] USD 395.26\n[SENDER         ] GL-PERF-5H9N83S75\n[ORIGINATOR     ] AC\nNL60SNSB0907370640\nSADDAM HUSSEIN\n2/BREED 9\n3/NL/1621KA HOORN NH\nUS\n[ORGBANK        ] SNSBNL2A\nNL\n[RECEIVBANK     ] Silicon Valley Ban\n[RECEIVER       ] GL-PERF-5H9N83S75\n[BENE           ] AC\n3301174106\n1/SAFARI\n2/2 AVENUE DE LAFAYETTE 6TH FLOOR\n3/US/MA 02111\n[ORGBENEINF     ] INVOICE INV00624938\n[BBIADLLIN      ] Rec Addl Ingo line1\n[BBIADLINF      ] Rec Add Info 1\nRec Add Info 2\nRec Add Info 3\nRec Add Info 4\nRec Add Info 5\n[BBIDRACD       ] DRW\n[BDIDRWLIN      ] DrwAdvInfo line 1\n[BBIDRWADV      ] DrwAdvInfo Add Info 1\nDrwAdvInfo Add Info 2\nDrwAdvInfo Add Info 3\nDrwAdvInfo Add Info 4\nDrwAdvInfo Add Info 5\n[BBIBBKLIN      ] BbkAddlInfo Line 1\n[BBIBBKINF      ] BbkAddlInfo Add Info 1\nBbkAddlInfo Add Info 2\nBbkAddlInfo Add Info 3\nBbkAddlInfo Add Info 4\nBbkAddlInfo Add Info 5\n[BBIBNFMOP      ] CHECK\n[BBIBNFMOPI     ] BnfMopAddlInfo\n[INSMN          ] FiToFiInfo line 1\nFiToFiInfo line 2\nFiToFiInfo line 3\nFiToFiInfo line 4\nFiToFiInfo line 5\nFiToFiInfo line 6\n[FXRATE        X] 1.000000\n[TRANCD         ] INTERNTL\n[CHARGESCD      ] BEN\n[CRDACCOFF      ] 001\n[CRDACCTYP     X] DDA\n[CRDACCNUM      ] 3301174106\n[REFFBENE       ] C557917BBK081318\n[BBIBKLIN       ] IbkAddlInfo line 1\n[BBIIBKINF      ] IbkAddlInfo Add Info 1\nIbkAddlInfo Add Info 2\nIbkAddlInfo Add Info 3\nIbkAddlInfo Add Info 4\nIbkAddlInfo Add Info 5\n[BBIIBKACD      ] IBK\n[BBIIBKLIN      ] IbkAdvInfo LIne 1\n[BBIIBKADD      ] IbkAdvInfo Add Info 1\nIbkAdvInfo Add Info 2\nIbkAdvInfo Add Info 3\nIbkAdvInfo Add Info 4\nIbkAdvInfo Add Info 5\n[BBIBBKCD       ] BBK\n[BBIBBKADV      ] BbkAdvInfo LIne 1\n[BBIBBKADD      ] BbkAdvInfo Add Info 1\nBbkAdvInfo Add Info 2\nBbkAdvInfo Add Info 3\nBbkAdvInfo Add Info 4\nBbkAdvInfo Add Info 5\n[BBIBNFLIN      ] BnfAddlInfo Line 1\n[BBIBNFINF      ] BnfAddlInfo Add Info 1\nBnfAddlInfo Add Info 2\nBnfAddlInfo Add Info 3\nBnfAddlInfo Add Info 4\nBnfAddlInfo Add Info 5\n[BBIBNFACD      ] BNF\n[BBIBNFALN      ] BnfAdvInfo LIne 1\n[BBIBNFAIF      ] BnfAdvInfo Add Info 1\nBnfAdvInfo Add Info 2\nBnfAdvInfo Add Info 3\nBnfAdvInfo Add Info 4\nBnfAdvInfo Add Info 5\n ",
            "MessageType": "INTL100",
            "NonBlocking": "0",
            "BusinessType": "BUSINESS",
            "BusinessUnit": "ROOT",
            "FilteredDate": "2022/03/10 01:14:00",
            "LastOperator": "OFAC-Agent",
            "NextStatuses": [
              {
                "Status": {
                  "ID": "225",
                  "Name": "S8_ADJ",
                  "Checksum": "0d14589062b13cbce8cf38f9eb7a22a7",
                  "RoutingCode": "12"
                }
              }
            ],
            "ReceiverCode": "GL-PERF-5H9N83S75",
            "CurrentStatus": {
              "ID": "223",
              "Name": "FILTER_S8",
              "Checksum": "6a905528e3b9126041bbfe8f59cfe07b",
              "RoutingCode": "12"
            },
            "MessageFormat": "ALL",
            "ToApplication": "",
            "ApplicationCode": "GFX",
            "Confidentiality": "0",
            "SenderReference": "20182250006800",
            "NormalizedAmount": "",
            "RelatedReference": "",
            "ApplicationPriority": "0"
          }
        }
      ]
    }
  }
}
