{
  "Header": null,
  "Body": {
    "msg_SendMessage": {
      "VersionTag": "1",
      "Authentication": {
        "UserLogin": "CMAPI_LOGIN",
        "UserPassword": "abc",
        "UserRealm": ""
      },
      "Messages": [
        {
          "Message": {
            "Hits": [
              {
                "Hit": {
                  "Tag": "BENE",
                  "Score": "0.0",
                  "Blocking": true,
                  "Positions": [
                    {
                      "Position": {
                        "PositionEnd": "544",
                        "PositionStart": "533"
                      }
                    }
                  ],
                  "EntityText": "HARA COMPANY",
                  "HittedEntity": {
                    "ID": "AS00187009",
                    "Type": "C",
                    "Codes": [],
                    "Names": [
                      {
                        "Name": "HARA COMPANY"
                      },
                      {
                        "Name": "HARA INSTITUTE"
                      },
                      {
                        "Name": "HARA COMPANY"
                      },
                      {
                        "Name": "HARA INSTITUTE"
                      }
                    ],
                    "Origin": "US_OFAC",
                    "HideIDs": [],
                    "Keywords": [
                      {
                        "Keyword": "OS:OFAC"
                      }
                    ],
                    "Addresses": [
                      {
                        "Address": {
                          "Cities": [
                            {
                              "City": "TEHRAN"
                            },
                            {
                              "City": "TEHERAN"
                            },
                            {
                              "City": "TEHRAN"
                            },
                            {
                              "City": "TEHRAN"
                            },
                            {
                              "City": "TEHERAN"
                            },
                            {
                              "City": "TEHRAN"
                            }
                          ],
                          "IsMain": "1",
                          "States": [],
                          "Countries": [
                            {
                              "Country": "IRAN ISLAMIC REPUBLIC OF"
                            },
                            {
                              "Country": "IRAN"
                            },
                            {
                              "Country": "IRAN (ISLAMIC REPUBLIC OF)"
                            },
                            {
                              "Country": "IRAN ISLAMIC REPUBLIC OF"
                            },
                            {
                              "Country": "IRAO"
                            },
                            {
                              "Country": "ISLAMIC REPUBLIC OF IRAN"
                            },
                            {
                              "Country": "JOMHURI YE ESLAMI YE IRAN"
                            },
                            {
                              "Country": "JOMHURI-YE ESLAMI-YE IRAN"
                            },
                            {
                              "Country": "PERSIA"
                            },
                            {
                              "Country": "REPUBLIQUE ISLAMIQUE D'IRAN"
                            },
                            {
                              "Country": "REPUBLIQUE ISLAMIQUE D IRAN"
                            },
                            {
                              "Country": "IRAN ISLAMIC REPUBLIC OF"
                            },
                            {
                              "Country": "IRAN"
                            },
                            {
                              "Country": "IRAN (ISLAMIC REPUBLIC OF)"
                            },
                            {
                              "Country": "IRAN ISLAMIC REPUBLIC OF"
                            },
                            {
                              "Country": "IRAO"
                            },
                            {
                              "Country": "ISLAMIC REPUBLIC OF IRAN"
                            },
                            {
                              "Country": "JOMHURI YE ESLAMI YE IRAN"
                            },
                            {
                              "Country": "JOMHURI-YE ESLAMI-YE IRAN"
                            },
                            {
                              "Country": "PERSIA"
                            },
                            {
                              "Country": "REPUBLIQUE ISLAMIQUE D'IRAN"
                            },
                            {
                              "Country": "REPUBLIQUE ISLAMIQUE D IRAN"
                            }
                          ],
                          "PostalAddress": ""
                        }
                      }
                    ],
                    "HideUnits": [],
                    "UserData1": "60558",
                    "UserData2": "",
                    "HideInTags": [],
                    "Hyperlinks": [
                      {
                        "Hyperlink": "none"
                      }
                    ],
                    "Designation": "SDGT__NPWMD__IRGC__I",
                    "HideOnlyIDs": [
                      {
                        "HideOnlyID": ""
                      }
                    ],
                    "HideOrigins": [],
                    "IsException": "0",
                    "Nationality": "",
                    "DatesOfBirth": [],
                    "PlacesOfBirth": [],
                    "AdditionalInfo": "List ID: 0 / Create Date: 10/25/2007 14:09:24 / Last Update Date: 10/31/2017 12:54:05 / Program: SDGT & NPWMD & IRGC & IFSR / OtherInformation: Additional Sanctions Information -Subject to Secondary Sanctions / OriginalID: 10495",
                    "OfficialReferences": [
                      {
                        "OfficialReference": {
                          "Name": "2017-10-31 13:25:11 UST"
                        }
                      }
                    ],
                    "HideSenderReceivers": []
                  },
                  "MatchingText": "Hara Company",
                  "RulesContext": {
                    "Info": "+PRIORITY-RULES-AO",
                    "Type": "1",
                    "Priority": "2",
                    "Confidentiality": "0"
                  },
                  "SolutionType": "1",
                  "SynonymIndex": "0"
                }
              },
              {
                "Hit": {
                  "Tag": "BENE",
                  "Score": "0.0",
                  "Blocking": true,
                  "Positions": [
                    {
                      "Position": {
                        "PositionEnd": "544",
                        "PositionStart": "533"
                      }
                    }
                  ],
                  "EntityText": "HARA COMPANY",
                  "HittedEntity": {
                    "ID": "AS00379527",
                    "Type": "C",
                    "Codes": [],
                    "Names": [
                      {
                        "Name": "HARA COMPANY"
                      },
                      {
                        "Name": "HARA COMPANY"
                      }
                    ],
                    "Origin": "GB_HMT",
                    "HideIDs": [],
                    "Keywords": [
                      {
                        "Keyword": "OS:BANK_OF_ENGLAND"
                      }
                    ],
                    "Addresses": [
                      {
                        "Address": {
                          "Cities": [],
                          "IsMain": "1",
                          "States": [],
                          "Countries": [],
                          "PostalAddress": ""
                        }
                      }
                    ],
                    "HideUnits": [],
                    "UserData1": "60558",
                    "UserData2": "",
                    "HideInTags": [],
                    "Hyperlinks": [
                      {
                        "Hyperlink": "none"
                      }
                    ],
                    "Designation": "IRAN_NUCLEAR",
                    "HideOnlyIDs": [
                      {
                        "HideOnlyID": ""
                      }
                    ],
                    "HideOrigins": [],
                    "IsException": "0",
                    "Nationality": "",
                    "DatesOfBirth": [],
                    "PlacesOfBirth": [],
                    "AdditionalInfo": "List ID: 29 / Create Date: 06/10/2010 14:50:32 / Last Update Date: 01/12/2021 11:46:56 / Program: IRAN (NUCLEAR) / OtherInformation: (UK Sanctions List Ref):IWD0151 (UN Ref):IRe.025 (Further Identifiying Information):Owned or controlled by Ghorb Nooh.[Old Reference # E.29.II.5] (Parent company):Ghorb Nooh / EffectiveDate: 12/31/2020 / OriginalID: 11138",
                    "OfficialReferences": [
                      {
                        "OfficialReference": {
                          "Name": "2021-01-12 11:54:02 BofE"
                        }
                      }
                    ],
                    "HideSenderReceivers": []
                  },
                  "MatchingText": "Hara Company",
                  "RulesContext": {
                    "Info": "+PRIORITY-RULES-AO",
                    "Type": "1",
                    "Priority": "2",
                    "Confidentiality": "0"
                  },
                  "SolutionType": "1",
                  "SynonymIndex": "0"
                }
              },
              {
                "Hit": {
                  "Tag": "BENE",
                  "Score": "0.0",
                  "Blocking": true,
                  "Positions": [
                    {
                      "Position": {
                        "PositionEnd": "544",
                        "PositionStart": "533"
                      }
                    }
                  ],
                  "EntityText": "HARA COMPANY",
                  "HittedEntity": {
                    "ID": "AS00379753",
                    "Type": "C",
                    "Codes": [],
                    "Names": [
                      {
                        "Name": "HARA COMPANY"
                      },
                      {
                        "Name": "HARA COMPANY"
                      }
                    ],
                    "Origin": "UNITED_NATIONS",
                    "HideIDs": [],
                    "Keywords": [
                      {
                        "Keyword": "OS:UNITED_NATIONS"
                      }
                    ],
                    "Addresses": [
                      {
                        "Address": {
                          "Cities": [],
                          "IsMain": "1",
                          "States": [],
                          "Countries": [],
                          "PostalAddress": ""
                        }
                      }
                    ],
                    "HideUnits": [],
                    "UserData1": "60558",
                    "UserData2": "",
                    "HideInTags": [],
                    "Hyperlinks": [
                      {
                        "Hyperlink": "none"
                      }
                    ],
                    "Designation": "IRAN",
                    "HideOnlyIDs": [
                      {
                        "HideOnlyID": ""
                      }
                    ],
                    "HideOrigins": [],
                    "IsException": "0",
                    "Nationality": "",
                    "DatesOfBirth": [],
                    "PlacesOfBirth": [],
                    "AdditionalInfo": "List ID: 44 / Create Date: 06/10/2010 15:35:44 / Last Update Date: 04/16/2015 18:20:19 / Program: ISLAMIC REPUBLIC OF IRAN / OtherInformation: Owned or controlled by Ghorb Nooh. / OriginalID: IRE.025",
                    "OfficialReferences": [
                      {
                        "OfficialReference": {
                          "Name": "2015-04-16 18:25:28 UN"
                        }
                      }
                    ],
                    "HideSenderReceivers": []
                  },
                  "MatchingText": "Hara Company",
                  "RulesContext": {
                    "Info": "+PRIORITY-RULES-AO",
                    "Type": "1",
                    "Priority": "2",
                    "Confidentiality": "0"
                  },
                  "SolutionType": "1",
                  "SynonymIndex": "0"
                }
              },
              {
                "Hit": {
                  "Tag": "BENE",
                  "Score": "0.0",
                  "Blocking": true,
                  "Positions": [
                    {
                      "Position": {
                        "PositionEnd": "544",
                        "PositionStart": "533"
                      }
                    }
                  ],
                  "EntityText": "HARA COMPANY",
                  "HittedEntity": {
                    "ID": "AS00383861",
                    "Type": "C",
                    "Codes": [],
                    "Names": [
                      {
                        "Name": "HARA COMPANY"
                      },
                      {
                        "Name": "HARA COMPANY"
                      }
                    ],
                    "Origin": "EUROPEAN_UNION",
                    "HideIDs": [],
                    "Keywords": [
                      {
                        "Keyword": "OS:EUROPEAN_UNION"
                      }
                    ],
                    "Addresses": [
                      {
                        "Address": {
                          "Cities": [],
                          "IsMain": "1",
                          "States": [],
                          "Countries": [],
                          "PostalAddress": ""
                        }
                      }
                    ],
                    "HideUnits": [],
                    "UserData1": "60558",
                    "UserData2": "",
                    "HideInTags": [],
                    "Hyperlinks": [
                      {
                        "Hyperlink": "none"
                      }
                    ],
                    "Designation": "IRAN",
                    "HideOnlyIDs": [
                      {
                        "HideOnlyID": ""
                      }
                    ],
                    "HideOrigins": [],
                    "IsException": "0",
                    "Nationality": "",
                    "DatesOfBirth": [],
                    "PlacesOfBirth": [],
                    "AdditionalInfo": "List ID: 33 / Create Date: 06/22/2010 11:51:59 / Last Update Date: 12/05/2012 16:37:08 / Program: IRAN / Legal_Basis: 267/2012 (OJ L 88) / OtherInformation: Owned or controlled by, or acting on behalf of, the Iranian Revolutionary Guard Corps. Owned or controlled by Ghorb Nooh. Date of UN designation: 9.6.2010. / EffectiveDate: 3/24/2012 / OriginalID: 5656",
                    "OfficialReferences": [
                      {
                        "OfficialReference": {
                          "Name": "2012-12-06 14:53:51 EU"
                        }
                      }
                    ],
                    "HideSenderReceivers": []
                  },
                  "MatchingText": "Hara Company",
                  "RulesContext": {
                    "Info": "+PRIORITY-RULES-AO+",
                    "Type": "1",
                    "Priority": "2",
                    "Confidentiality": "0"
                  },
                  "SolutionType": "1",
                  "SynonymIndex": "0"
                }
              }
            ],
            "Unit": "US",
            "Amount": "86.1",
            "Bypass": "0",
            "Actions": [
              {
                "Action": {
                  "Status": {
                    "ID": "0",
                    "Name": "FILTER",
                    "Checksum": "c4b4872d17cf6fa4f27f06e3b5d93c78",
                    "RoutingCode": "0"
                  },
                  "Comment": "Stop: 4, Nonblocking: 0",
                  "DateTime": "20220310040906",
                  "Operator": "Filter Engine"
                }
              },
              {
                "Action": {
                  "Status": {
                    "ID": "-2",
                    "Name": "NO HIT",
                    "Checksum": "1080a07f679004254edcc4854e8f66a7",
                    "RoutingCode": "-2"
                  },
                  "Comment": "Stop: 4, Nonblocking: 0",
                  "DateTime": "20220310040907",
                  "Operator": "Stripping Engine"
                }
              },
              {
                "Action": {
                  "Status": {
                    "ID": "224",
                    "Name": "FILTER_S8_PR",
                    "Checksum": "52e44434a2b046a6516c5f77a341d24c",
                    "RoutingCode": "12"
                  },
                  "Comment": "Auto decision",
                  "DateTime": "20220310040911",
                  "Operator": "DBCLient"
                }
              }
            ],
            "Command": "1",
            "Blocking": "4",
            "Currency": "USD",
            "Priority": "2",
            "SystemID": "DIN20220310040857-02825-5880",
            "MessageID": "D9DB5F67-BA97-2CE6-E053-1A186C0AADA3",
            "ValueDate": "2019/01/01",
            "CutoffTime": "",
            "SenderCode": "253170069",
            "CopyService": "",
            "CreatedDate": "2022/03/10 04:08:57",
            "IOIndicator": "I",
            "LastComment": "Suspect(s) detected by OFAC-Agent",
            "MessageData": "[FIRCOSOFT     X] SVB BE MUX FILTER\n[APPLI         X] PEP\n[UNIT          X] US\n[REFERENCE     X] 0307623\n[TYPE          X] IAT-I\n[VALUEDATE     X] 2019/01/01\n[PURPOSE        ] IAT PAYPAL\n[AMOUNT        X] USD 86.1\n[INSPMTAMT     X] USD 10.13\n[SENDER         ] 253170069\n[SENDERBANK     ] 25317006\n SYSTEM BANK1\n01\n253170069\nUS\n[ORIGINATOR     ] 770510487C\nUSEr\nFLAT 1 4, 15AOSWALD\nGLASGOW\nGB\n[CRDACCNUM      ] 123456796\n[RECEIVBANK     ] 13114039\nReCEIVING\n01\n121140399\nUS\n[RECEIVER       ] 121140399\n[BENE           ] 4AW2253FQ3TEC\nHara Company\n316 MAIN\nPGH\nUS\n[ORGBENEINF     ] value1\nvalue2\nvalue3\n[TRANCD        X] 27\n[DESTCNTRY      ] US\n[ITMBANK        ] CERTAIN LENDING\n1\n101\nUS \n[ITMBANK1       ] Boris\n2\n202\nUK\n[FXMATH        X] Fv\n[FXREFNB       X] \n[ADDENDACNT    X] 0007\n[ORIGSTSCD     X] 1\n",
            "MessageType": "IAT",
            "NonBlocking": "0",
            "BusinessType": "NACHA",
            "BusinessUnit": "ROOT",
            "FilteredDate": "2022/03/10 04:09:06",
            "LastOperator": "OFAC-Agent",
            "NextStatuses": [
              {
                "Status": {
                  "ID": "203",
                  "Name": "ESC_TO_L2",
                  "Checksum": "a6bbe146cef0948076d7f62680312112",
                  "RoutingCode": "12"
                }
              }
            ],
            "ReceiverCode": "121140399",
            "CurrentStatus": {
              "ID": "224",
              "Name": "FILTER_S8_PR",
              "Checksum": "52e44434a2b046a6516c5f77a341d24c",
              "RoutingCode": "12"
            },
            "MessageFormat": "ALL",
            "ToApplication": "",
            "ApplicationCode": "PEP",
            "Confidentiality": "0",
            "SenderReference": "0307623",
            "NormalizedAmount": "",
            "RelatedReference": "",
            "ApplicationPriority": "0"
          }
        }
      ]
    }
  }
}
