{
  "Header": null,
  "Body": {
    "msg_SendMessage": {
      "VersionTag": "1",
      "Authentication": {
        "UserLogin": "CMAPI_LOGIN",
        "UserPassword": "abc",
        "UserRealm": ""
      },
      "Messages": [
        {
          "Message": {
            "Hits": [
              {
                "Hit": {
                  "Tag": "BENE",
                  "Score": "0.0",
                  "Blocking": true,
                  "Positions": [
                    {
                      "Position": {
                        "PositionEnd": "547",
                        "PositionStart": "534"
                      }
                    }
                  ],
                  "EntityText": "HUSSEIN AL-TIKRITI, UDAY SADDAM",
                  "HittedEntity": {
                    "ID": "AS00052278",
                    "Type": "I",
                    "Codes": [],
                    "Names": [
                      {
                        "Name": "HUSSEIN AL-TIKRITI, UDAY SADDAM"
                      },
                      {
                        "Name": "HUSSEIN AL-TIKRITI, OUDAI SADDAM"
                      },
                      {
                        "Name": "HUSSEIN AL-TIKRITI, UDAY SADDAM"
                      },
                      {
                        "Name": "HUSSEIN AL-TIKRITI, OUDAI SADDAM"
                      }
                    ],
                    "Origin": "EUROPEAN_UNION",
                    "HideIDs": [],
                    "Keywords": [
                      {
                        "Keyword": "OS:EUROPEAN_UNION"
                      }
                    ],
                    "Addresses": [
                      {
                        "Address": {
                          "Cities": [],
                          "IsMain": "1",
                          "States": [],
                          "Countries": [],
                          "PostalAddress": ""
                        }
                      }
                    ],
                    "HideUnits": [],
                    "UserData1": "46119",
                    "UserData2": "",
                    "HideInTags": [],
                    "Hyperlinks": [
                      {
                        "Hyperlink": "none"
                      }
                    ],
                    "Designation": "IRAQ_HUSSEIN",
                    "HideOnlyIDs": [
                      {
                        "HideOnlyID": ""
                      }
                    ],
                    "HideOrigins": [],
                    "IsException": "0",
                    "Nationality": "",
                    "DatesOfBirth": [
                      {
                        "DateOfBirth": "1964 1967"
                      }
                    ],
                    "PlacesOfBirth": [
                      {}
                    ],
                    "AdditionalInfo": "List ID: 33 / Create Date: 08/14/2003 15:56:41 / Last Update Date: 05/06/2020 11:49:12 / Program: IRAQ - FORMER PRESIDENT SADDAM HUSSEIN / Legal_Basis: 1210/2003 (OJ L 169) / Title: LEADER OF PARAMILITARY ORGANISATION FEDAYEEN SADDAM; LEADER OF PARAMILITARY ORGANISATION FEDAYEEN SADDAM.; SADDAM'S ELDEST SON / Nationality: IRAQI / Gender: M / EffectiveDate: 7/9/2003 / OriginalID: 23",
                    "OfficialReferences": [
                      {
                        "OfficialReference": {
                          "Name": "2009-10-15 16:48:13 EU"
                        }
                      }
                    ],
                    "HideSenderReceivers": []
                  },
                  "MatchingText": "SADDAM HUSSEIN",
                  "RulesContext": {
                    "Info": "+PRIORITY-RULES-AO",
                    "Type": "1",
                    "Priority": "2",
                    "Confidentiality": "0"
                  },
                  "SolutionType": "1",
                  "SynonymIndex": "0"
                }
              },
              {
                "Hit": {
                  "Tag": "BENE",
                  "Score": "0.0",
                  "Blocking": true,
                  "Positions": [
                    {
                      "Position": {
                        "PositionEnd": "547",
                        "PositionStart": "534"
                      }
                    }
                  ],
                  "EntityText": "HUSSEIN AL-TIKRITI, QUSAY SADDAM",
                  "HittedEntity": {
                    "ID": "AS00052276",
                    "Type": "I",
                    "Codes": [],
                    "Names": [
                      {
                        "Name": "HUSSEIN AL-TIKRITI, QUSAY SADDAM"
                      },
                      {
                        "Name": "HUSSEIN AL-TIKRITI, QOUSSAI SADDAM"
                      },
                      {
                        "Name": "HUSSEIN AL-TIKRITI, QUSAY SADDAM"
                      },
                      {
                        "Name": "HUSSEIN AL-TIKRITI, QOUSSAI SADDAM"
                      }
                    ],
                    "Origin": "EUROPEAN_UNION",
                    "HideIDs": [],
                    "Keywords": [
                      {
                        "Keyword": "OS:EUROPEAN_UNION"
                      }
                    ],
                    "Addresses": [
                      {
                        "Address": {
                          "Cities": [],
                          "IsMain": "1",
                          "States": [],
                          "Countries": [],
                          "PostalAddress": ""
                        }
                      }
                    ],
                    "HideUnits": [],
                    "UserData1": "6673",
                    "UserData2": "",
                    "HideInTags": [],
                    "Hyperlinks": [
                      {
                        "Hyperlink": "none"
                      }
                    ],
                    "Designation": "IRAQ_HUSSEIN",
                    "HideOnlyIDs": [
                      {
                        "HideOnlyID": ""
                      }
                    ],
                    "HideOrigins": [],
                    "IsException": "0",
                    "Nationality": "",
                    "DatesOfBirth": [
                      {
                        "DateOfBirth": "1965 1966"
                      }
                    ],
                    "PlacesOfBirth": [
                      {}
                    ],
                    "AdditionalInfo": "List ID: 33 / Create Date: 08/14/2003 15:56:41 / Last Update Date: 05/06/2020 11:47:35 / Program: IRAQ - FORMER PRESIDENT SADDAM HUSSEIN / Legal_Basis: 1210/2003 (OJ L 169) / Title: OVERSAW SPECIAL REPUBLICAN GUARD, SPECIAL SECURITY ORGANISATION, AND REPUBLICAN GUARD; SADDAM'S SECOND SON / Nationality: IRAQI / Gender: M / EffectiveDate: 7/9/2003 / OriginalID: 20",
                    "OfficialReferences": [
                      {
                        "OfficialReference": {
                          "Name": "2009-10-15 16:48:13 EU"
                        }
                      }
                    ],
                    "HideSenderReceivers": []
                  },
                  "MatchingText": "SADDAM HUSSEIN",
                  "RulesContext": {
                    "Info": "+PRIORITY-RULES-AO",
                    "Type": "1",
                    "Priority": "2",
                    "Confidentiality": "0"
                  },
                  "SolutionType": "1",
                  "SynonymIndex": "0"
                }
              },
              {
                "Hit": {
                  "Tag": "BENE",
                  "Score": "0.0",
                  "Blocking": true,
                  "Positions": [
                    {
                      "Position": {
                        "PositionEnd": "547",
                        "PositionStart": "534"
                      }
                    }
                  ],
                  "EntityText": "HUSSEIN AL-TIKRITI, SADDAM",
                  "HittedEntity": {
                    "ID": "AS00052274",
                    "Type": "I",
                    "Codes": [],
                    "Names": [
                      {
                        "Name": "HUSSEIN AL-TIKRITI, SADDAM"
                      },
                      {
                        "Name": "ABOU ALI"
                      },
                      {
                        "Name": "ABU ALI"
                      },
                      {
                        "Name": "HUSSEIN AL-TIKRITI, SADDAM"
                      },
                      {
                        "Name": "ABOU ALI"
                      },
                      {
                        "Name": "ABU ALI"
                      }
                    ],
                    "Origin": "EUROPEAN_UNION",
                    "HideIDs": [],
                    "Keywords": [
                      {
                        "Keyword": "OS:EUROPEAN_UNION"
                      }
                    ],
                    "Addresses": [
                      {
                        "Address": {
                          "Cities": [],
                          "IsMain": "1",
                          "States": [],
                          "Countries": [],
                          "PostalAddress": ""
                        }
                      }
                    ],
                    "HideUnits": [],
                    "UserData1": "46118",
                    "UserData2": "",
                    "HideInTags": [],
                    "Hyperlinks": [
                      {
                        "Hyperlink": "none"
                      }
                    ],
                    "Designation": "IRAQ_HUSSEIN",
                    "HideOnlyIDs": [
                      {
                        "HideOnlyID": ""
                      }
                    ],
                    "HideOrigins": [],
                    "IsException": "0",
                    "Nationality": "",
                    "DatesOfBirth": [
                      {
                        "DateOfBirth": "04/28/1937"
                      }
                    ],
                    "PlacesOfBirth": [
                      {}
                    ],
                    "AdditionalInfo": "List ID: 33 / Create Date: 08/14/2003 15:56:40 / Last Update Date: 05/06/2020 11:45:15 / Program: IRAQ - FORMER PRESIDENT SADDAM HUSSEIN / Legal_Basis: 1210/2003 (OJ L 169) / Title: NAMED IN UNSCR 1483 / Nationality: IRAQI / Gender: M / EffectiveDate: 7/9/2003 / OriginalID: 13",
                    "OfficialReferences": [
                      {
                        "OfficialReference": {
                          "Name": "2009-10-15 16:48:12 EU"
                        }
                      }
                    ],
                    "HideSenderReceivers": []
                  },
                  "MatchingText": "SADDAM HUSSEIN",
                  "RulesContext": {
                    "Info": "+PRIORITY-RULES-AO",
                    "Type": "1",
                    "Priority": "2",
                    "Confidentiality": "0"
                  },
                  "SolutionType": "1",
                  "SynonymIndex": "0"
                }
              },
              {
                "Hit": {
                  "Tag": "BENE",
                  "Score": "0.0",
                  "Blocking": true,
                  "Positions": [
                    {
                      "Position": {
                        "PositionEnd": "547",
                        "PositionStart": "534"
                      }
                    }
                  ],
                  "EntityText": "HUSSEIN, UDAI SADDAM",
                  "HittedEntity": {
                    "ID": "AS00048462",
                    "Type": "I",
                    "Codes": [],
                    "Names": [
                      {
                        "Name": "AL-TIKRITI, UDAY SADDAM HUSSEIN"
                      },
                      {
                        "Name": "HUSSEIN, UDAI SADDAM"
                      },
                      {
                        "Name": "AL-TIKRITI, UDAY SADDAM HUSSEIN"
                      },
                      {
                        "Name": "HUSSEIN, UDAI SADDAM"
                      }
                    ],
                    "Origin": "US_OFAC",
                    "HideIDs": [],
                    "Keywords": [
                      {
                        "Keyword": "OS:OFAC"
                      }
                    ],
                    "Addresses": [
                      {
                        "Address": {
                          "Cities": [],
                          "IsMain": "1",
                          "States": [],
                          "Countries": [],
                          "PostalAddress": ""
                        }
                      }
                    ],
                    "HideUnits": [],
                    "UserData1": "46119",
                    "UserData2": "",
                    "HideInTags": [],
                    "Hyperlinks": [
                      {
                        "Hyperlink": "none"
                      }
                    ],
                    "Designation": "IRAQ2",
                    "HideOnlyIDs": [
                      {
                        "HideOnlyID": ""
                      }
                    ],
                    "HideOrigins": [],
                    "IsException": "0",
                    "Nationality": "",
                    "DatesOfBirth": [
                      {
                        "DateOfBirth": "1964 1967"
                      }
                    ],
                    "PlacesOfBirth": [
                      {}
                    ],
                    "AdditionalInfo": "List ID: 0 / Create Date: 06/25/2003 11:05:11 / Last Update Date: 01/23/2020 12:33:04 / Program: IRAQ2 / Title: FORMER LEADER PARAMILITARY ORG. FEDAYEEN SADDAM / Nationality: IRAQ / OtherInformation: SADDAM HUSSEIN AL-TIKRITI'S ELDEST SON / OriginalID: 7845",
                    "OfficialReferences": [
                      {
                        "OfficialReference": {
                          "Name": "2010-02-10 13:10:16 UST"
                        }
                      }
                    ],
                    "HideSenderReceivers": []
                  },
                  "MatchingText": "SADDAM HUSSEIN",
                  "RulesContext": {
                    "Info": "+PRIORITY-RULES-AO",
                    "Type": "1",
                    "Priority": "2",
                    "Confidentiality": "0"
                  },
                  "SolutionType": "1",
                  "SynonymIndex": "1"
                }
              },
              {
                "Hit": {
                  "Tag": "BENE",
                  "Score": "0.0",
                  "Blocking": true,
                  "Positions": [
                    {
                      "Position": {
                        "PositionEnd": "547",
                        "PositionStart": "534"
                      }
                    }
                  ],
                  "EntityText": "HUSSEIN, SADDAM",
                  "HittedEntity": {
                    "ID": "AS00048458",
                    "Type": "I",
                    "Codes": [],
                    "Names": [
                      {
                        "Name": "AL-TIKRITI, SADDAM HUSSEIN"
                      },
                      {
                        "Name": "HUSAYN, SADDAM"
                      },
                      {
                        "Name": "HUSSAIN, SADDAM"
                      },
                      {
                        "Name": "HUSSEIN, SADDAM"
                      },
                      {
                        "Name": "AL-TIKRITI, SADDAM HUSSEIN"
                      },
                      {
                        "Name": "HUSAYN, SADDAM"
                      },
                      {
                        "Name": "HUSSAIN, SADDAM"
                      },
                      {
                        "Name": "HUSSEIN, SADDAM"
                      }
                    ],
                    "Origin": "US_OFAC",
                    "HideIDs": [],
                    "Keywords": [
                      {
                        "Keyword": "OS:OFAC"
                      }
                    ],
                    "Addresses": [
                      {
                        "Address": {
                          "Cities": [],
                          "IsMain": "1",
                          "States": [],
                          "Countries": [],
                          "PostalAddress": ""
                        }
                      }
                    ],
                    "HideUnits": [],
                    "UserData1": "46118",
                    "UserData2": "",
                    "HideInTags": [],
                    "Hyperlinks": [
                      {
                        "Hyperlink": "none"
                      }
                    ],
                    "Designation": "IRAQ2",
                    "HideOnlyIDs": [
                      {
                        "HideOnlyID": ""
                      }
                    ],
                    "HideOrigins": [],
                    "IsException": "0",
                    "Nationality": "",
                    "DatesOfBirth": [
                      {
                        "DateOfBirth": "04/28/1937"
                      }
                    ],
                    "PlacesOfBirth": [
                      {}
                    ],
                    "AdditionalInfo": "List ID: 0 / Create Date: 06/25/2003 11:05:11 / Last Update Date: 01/23/2020 13:01:13 / Program: IRAQ2 / Weak Alias: 'ABU ALI' / Title: FORMER PRESIDENT NAMED IN UNSCR 1483 / Nationality: IRAQ / OtherInformation: NAMED IN UNSCR 1483 / OriginalID: 7843",
                    "OfficialReferences": [
                      {
                        "OfficialReference": {
                          "Name": "2009-02-10 11:44:46 UST"
                        }
                      }
                    ],
                    "HideSenderReceivers": []
                  },
                  "MatchingText": "SADDAM HUSSEIN",
                  "RulesContext": {
                    "Info": "+PRIORITY-RULES-AO+",
                    "Type": "1",
                    "Priority": "2",
                    "Confidentiality": "0"
                  },
                  "SolutionType": "1",
                  "SynonymIndex": "3"
                }
              }
            ],
            "Unit": "US",
            "Amount": "83.51",
            "Bypass": "0",
            "Actions": [
              {
                "Action": {
                  "Status": {
                    "ID": "0",
                    "Name": "FILTER",
                    "Checksum": "c4b4872d17cf6fa4f27f06e3b5d93c78",
                    "RoutingCode": "0"
                  },
                  "Comment": "Stop: 5, Nonblocking: 0",
                  "DateTime": "20220310040909",
                  "Operator": "Filter Engine"
                }
              },
              {
                "Action": {
                  "Status": {
                    "ID": "-2",
                    "Name": "NO HIT",
                    "Checksum": "1080a07f679004254edcc4854e8f66a7",
                    "RoutingCode": "-2"
                  },
                  "Comment": "Stop: 5, Nonblocking: 0",
                  "DateTime": "20220310040910",
                  "Operator": "Stripping Engine"
                }
              },
              {
                "Action": {
                  "Status": {
                    "ID": "224",
                    "Name": "FILTER_S8_PR",
                    "Checksum": "52e44434a2b046a6516c5f77a341d24c",
                    "RoutingCode": "12"
                  },
                  "Comment": "Auto decision",
                  "DateTime": "20220310040916",
                  "Operator": "DBCLient"
                }
              }
            ],
            "Command": "1",
            "Blocking": "5",
            "Currency": "USD",
            "Priority": "2",
            "SystemID": "DIN20220310040857-02821-5877",
            "MessageID": "D99F1351-EBBE-5412-E053-1B186C0ADBD6",
            "ValueDate": "2019/01/01",
            "CutoffTime": "",
            "SenderCode": "253170069",
            "CopyService": "",
            "CreatedDate": "2022/03/10 04:08:57",
            "IOIndicator": "I",
            "LastComment": "Suspect(s) detected by OFAC-Agent",
            "MessageData": "[FIRCOSOFT     X] SVB BE MUX FILTER\n[APPLI         X] PEP\n[UNIT          X] US\n[REFERENCE     X] 0385952\n[TYPE          X] IAT-I\n[VALUEDATE     X] 2019/01/01\n[PURPOSE        ] IAT PAYPAL\n[AMOUNT        X] USD 83.51\n[INSPMTAMT     X] USD 10.13\n[SENDER         ] 253170069\n[SENDERBANK     ] 25317006\n SYSTEM BANK1\n01\n253170069\nUS\n[ORIGINATOR     ] 770510487C\nUSEr\nFLAT 1 4, 15AOSWALD\nGLASGOW\nGB\n[CRDACCNUM      ] 123456784\n[RECEIVBANK     ] 13114039\nReCEIVING\n01\n121140399\nUS\n[RECEIVER       ] 121140399\n[BENE           ] 4AW2253FQ3TEC\nSADDAM HUSSEIN\n316 MAIN\nPGH\nUS\n[ORGBENEINF     ] value1\nvalue2\nvalue3\n[TRANCD        X] 27\n[DESTCNTRY      ] US\n[ITMBANK        ] CERTAIN LENDING\n1\n101\nUS \n[ITMBANK1       ] Boris\n2\n202\nUK\n[FXMATH        X] Fv\n[FXREFNB       X] \n[ADDENDACNT    X] 0007\n[ORIGSTSCD     X] 1\n",
            "MessageType": "IAT",
            "NonBlocking": "0",
            "BusinessType": "NACHA",
            "BusinessUnit": "ROOT",
            "FilteredDate": "2022/03/10 04:09:09",
            "LastOperator": "OFAC-Agent",
            "NextStatuses": [
              {
                "Status": {
                  "ID": "203",
                  "Name": "ESC_TO_L2",
                  "Checksum": "a6bbe146cef0948076d7f62680312112",
                  "RoutingCode": "12"
                }
              }
            ],
            "ReceiverCode": "121140399",
            "CurrentStatus": {
              "ID": "224",
              "Name": "FILTER_S8_PR",
              "Checksum": "52e44434a2b046a6516c5f77a341d24c",
              "RoutingCode": "12"
            },
            "MessageFormat": "ALL",
            "ToApplication": "",
            "ApplicationCode": "PEP",
            "Confidentiality": "0",
            "SenderReference": "0385952",
            "NormalizedAmount": "",
            "RelatedReference": "",
            "ApplicationPriority": "0"
          }
        }
      ]
    }
  }
}
