{
  "Header": null,
  "Body": {
    "msg_SendMessage": {
      "VersionTag": "1",
      "Authentication": {
        "UserLogin": "CMAPI_LOGIN",
        "UserPassword": "abc",
        "UserRealm": ""
      },
      "Messages": [
        {
          "Message": {
            "Hits": [
              {
                "Hit": {
                  "Tag": "BENE",
                  "Score": "0.0",
                  "Blocking": true,
                  "Positions": [
                    {
                      "Position": {
                        "PositionEnd": "536",
                        "PositionStart": "533"
                      }
                    },
                    {
                      "Position": {
                        "PositionEnd": "536",
                        "PositionStart": "533"
                      }
                    }
                  ],
                  "EntityText": "CUBA",
                  "HittedEntity": {
                    "ID": "AS00010013",
                    "Type": "O",
                    "Codes": [],
                    "Names": [
                      {
                        "Name": "*"
                      },
                      {
                        "Name": "*"
                      }
                    ],
                    "Origin": "US_OFAC_ENH_LCTN",
                    "HideIDs": [],
                    "Keywords": [
                      {
                        "Keyword": "OS:OFAC"
                      }
                    ],
                    "Addresses": [
                      {
                        "Address": {
                          "Cities": [
                            {
                              "City": "*"
                            },
                            {
                              "City": "*"
                            }
                          ],
                          "IsMain": "1",
                          "States": [],
                          "Countries": [
                            {
                              "Country": "CUBA"
                            },
                            {
                              "Country": "CUBA"
                            },
                            {
                              "Country": "CUBANA"
                            },
                            {
                              "Country": "KUBA"
                            },
                            {
                              "Country": "REPUBLIC OF CUBA"
                            },
                            {
                              "Country": "REPUBLICA DE CUBA"
                            },
                            {
                              "Country": "CUBA"
                            },
                            {
                              "Country": "CUBA"
                            },
                            {
                              "Country": "CUBANA"
                            },
                            {
                              "Country": "KUBA"
                            },
                            {
                              "Country": "REPUBLIC OF CUBA"
                            },
                            {
                              "Country": "REPUBLICA DE CUBA"
                            }
                          ],
                          "PostalAddress": ""
                        }
                      }
                    ],
                    "HideUnits": [],
                    "UserData1": "",
                    "UserData2": "",
                    "HideInTags": [],
                    "Hyperlinks": [
                      {
                        "Hyperlink": "none"
                      }
                    ],
                    "Designation": "CUBA",
                    "HideOnlyIDs": [
                      {
                        "HideOnlyID": ""
                      }
                    ],
                    "HideOrigins": [],
                    "IsException": "0",
                    "Nationality": "",
                    "DatesOfBirth": [],
                    "PlacesOfBirth": [],
                    "AdditionalInfo": "74 main cities:\u0002ANTILLA, ARROYO NARANJO, ARTEMISA, \u0002BANES, BARACOA, BAYAMO, BOLONDRON, \u0002CAIBARIEN, CAMAGUEY, CARDENAS, CAYO LARGO, \u0002CIEGO DE AVILA, CIENFUEGOS, DIEZ DE OCTUBRE, GRANMA, \u0002GUAIMARO, GUANABO, GUANTANAMO, HABANA, \u0002HABANAS, HAVANA, HAVANNA, HOLGUIN, \u0002ISLE OF YOUTH, JIBACOA, L AVANA, LA HABANA, \u0002LA HAVANE, LAS TUNAS, LAVANA, MAISI, \u0002MANICARAGUA, MANZANILLO, MARIEL, MATANZAS, \u0002MAYABEQUE, MAYARI, NIQUERO, NUEVA GERONA, \u0002NUEVITAS, NUEVO VEDADO, PALMA SORIANO, PINAR DEL RIO, \u0002SAGUA LA GRANDE, SANCTI SPIRITUS, SANTA CLARA, SANTA CRUZ DEL SUR, \u0002SANTIAGO DE CUBA, TANAMO, VARADERO, VILLA CLARA, \u0002VINALES, YAGUAJAY, ΑΒΑΝΑ, ГАВАНА, \u0002هافانا, ハバナ, 哈瓦那, VERTIENTES, \u0002SAN JOSE DE LAS LAJAS, SAN ANTONIO DE LOS BANOS, PLACETAS, NICARO LEVISA, \u0002JOVELLANOS, JIGUANI, JATIBONICO, JAGUEY, \u0002GUINES, GUANAJAY, CONSOLACION DEL SUR, CAMAJUANI, \u0002CABAIGUAN, BAUTA, AMANCIO\u0002\u0002List ID: 1072 / Create Date: 11/13/1997 00:00:00 / Last Update Date: 09/24/2015 18:10:23 / Program: CUBA / OtherInformation: XLOC. OFAC maintains a sanctions program for Cuba. Please refer to the OFAC website for detailed information: http://www.treasury.gov/resource-center/sanctions/Programs/Pages/cuba.aspx",
                    "OfficialReferences": [
                      {
                        "OfficialReference": {
                          "Name": "2011-11-30 12:06:11 RBL"
                        }
                      }
                    ],
                    "HideSenderReceivers": []
                  },
                  "MatchingText": "Cuba, Cuba",
                  "RulesContext": {
                    "Info": "+PRIORITY-RULES-AO+",
                    "Type": "1",
                    "Priority": "2",
                    "Confidentiality": "0"
                  },
                  "SolutionType": "6",
                  "SynonymIndex": "-1"
                }
              }
            ],
            "Unit": "US",
            "Amount": "67.1",
            "Bypass": "0",
            "Actions": [
              {
                "Action": {
                  "Status": {
                    "ID": "0",
                    "Name": "FILTER",
                    "Checksum": "c4b4872d17cf6fa4f27f06e3b5d93c78",
                    "RoutingCode": "0"
                  },
                  "Comment": "Stop: 1, Nonblocking: 0",
                  "DateTime": "20220310015311",
                  "Operator": "Filter Engine"
                }
              },
              {
                "Action": {
                  "Status": {
                    "ID": "-2",
                    "Name": "NO HIT",
                    "Checksum": "1080a07f679004254edcc4854e8f66a7",
                    "RoutingCode": "-2"
                  },
                  "Comment": "Stop: 1, Nonblocking: 0",
                  "DateTime": "20220310015321",
                  "Operator": "Stripping Engine"
                }
              },
              {
                "Action": {
                  "Status": {
                    "ID": "224",
                    "Name": "FILTER_S8_PR",
                    "Checksum": "52e44434a2b046a6516c5f77a341d24c",
                    "RoutingCode": "12"
                  },
                  "Comment": "Auto decision",
                  "DateTime": "20220310015803",
                  "Operator": "DBCLient"
                }
              }
            ],
            "Command": "1",
            "Blocking": "1",
            "Currency": "USD",
            "Priority": "2",
            "SystemID": "DIN20220310015300-00003-16040",
            "MessageID": "D94B208E-ECB9-2D1E-E053-1A186C0ABEEA",
            "ValueDate": "2019/01/01",
            "CutoffTime": "",
            "SenderCode": "253170069",
            "CopyService": "",
            "CreatedDate": "2022/03/10 01:53:00",
            "IOIndicator": "I",
            "LastComment": "Suspect(s) detected by OFAC-Agent",
            "MessageData": "[FIRCOSOFT     X] SVB BE MUX FILTER\n[APPLI         X] PEP\n[UNIT          X] US\n[REFERENCE     X] 0528662\n[TYPE          X] IAT-I\n[VALUEDATE     X] 2019/01/01\n[PURPOSE        ] IAT PAYPAL\n[AMOUNT        X] USD 67.1\n[INSPMTAMT     X] USD 10.13\n[SENDER         ] 253170069\n[SENDERBANK     ] 25317006\n SYSTEM BANK1\n01\n253170069\nUS\n[ORIGINATOR     ] 770510487C\nUSEr\nFLAT 1 4, 15AOSWALD\nGLASGOW\nGB\n[CRDACCNUM      ] 123456723\n[RECEIVBANK     ] 13114039\nReCEIVING\n01\n121140399\nUS\n[RECEIVER       ] 121140399\n[BENE           ] 4AW2253FQ3TEC\nCuba BAnk\n316 MAIN\nPGH\nUS\n[ORGBENEINF     ] value1\nvalue2\nvalue3\n[TRANCD        X] 27\n[DESTCNTRY      ] US\n[ITMBANK        ] CERTAIN LENDING\n1\n101\nUS \n[ITMBANK1       ] Boris\n2\n202\nUK\n[FXMATH        X] Fv\n[FXREFNB       X] \n[ADDENDACNT    X] 0007\n[ORIGSTSCD     X] 1\n",
            "MessageType": "IAT",
            "NonBlocking": "0",
            "BusinessType": "NACHA",
            "BusinessUnit": "ROOT",
            "FilteredDate": "2022/03/10 01:53:11",
            "LastOperator": "OFAC-Agent",
            "NextStatuses": [
              {
                "Status": {
                  "ID": "203",
                  "Name": "ESC_TO_L2",
                  "Checksum": "a6bbe146cef0948076d7f62680312112",
                  "RoutingCode": "12"
                }
              }
            ],
            "ReceiverCode": "121140399",
            "CurrentStatus": {
              "ID": "224",
              "Name": "FILTER_S8_PR",
              "Checksum": "52e44434a2b046a6516c5f77a341d24c",
              "RoutingCode": "12"
            },
            "MessageFormat": "ALL",
            "ToApplication": "",
            "ApplicationCode": "PEP",
            "Confidentiality": "0",
            "SenderReference": "0528662",
            "NormalizedAmount": "",
            "RelatedReference": "",
            "ApplicationPriority": "0"
          }
        }
      ]
    }
  }
}
